value,weatherElement_Id
"15.6",0
"25.3",1
"25",2
"8.2",3
"24",4
"17.1",5
"6.9",6
"20.0",7
"21",8
"17.3",9
"70.0",10
"15",11
"69",12
"32",13
"25",14
"1017.7",15
"5",16
"194.4",17
"16.8",18
"26.8",19
"30",20
"10.3",21
"22",22
"21.8",23
"6.6",24
"110.0",25
"31",26
"14.5",27
"110.0",28
"19",29
"62",30
"33",31
"25",32
"1021.1",33
"5",34
"144.5",35
"19.8",36
"28.8",37
"3",38
"13.0",39
"22",40
"21.7",41
"8.1",42
"30.0",43
"15",44
"17.3",45
"50.0",46
"15",47
"64",48
"36",49
"23",50
"1019.1",51
"8",52
"148.3",53
"16.2",54
"27.0",55
"31",56
"7.5",57
"22",58
"47.5",59
"6.3",60
"150.0",61
"31",62
"14.2",63
"40.0",64
"21",65
"70",66
"33",67
"25",68
"1020.1",69
"6",70
"169.3",71
"17.2",72
"25.5",73
"3",74
"11.0",75
"22",76
"0.1",77
"11.4",78
"40.0",79
"21",80
"23.3",81
"30.0",82
"15",83
"72",84
"43",85
"21",86
"1019.2",87
"1",88
"185.4",89
"16.8",90
"25.0",91
"30",92
"10.8",93
"24",94
"112.0",95
"8.2",96
"160.0",97
"24",98
"18.0",99
"30.0",100
"20",101
"71",102
"35",103
"25",104
"1019.0",105
"13",106
"121.7",107
"13.7",108
"23.4",109
"3",110
"6.4",111
"23",112
"0.0",113
"8.7",114
"60.0",115
"21",116
"17.4",117
"50.0",118
"21",119
"65",120
"35",121
"1",122
"1019.5",123
"0",124
"201.9",125
"19.5",126
"28.3",127
"3",128
"11.1",129
"22",130
"0.0",131
"5.6",132
"340.0",133
"8",134
"10.5",135
"340.0",136
"8",137
"64",138
"29",139
"25",140
"1019.0",141
"0",142
"254.8",143
"19.1",144
"26.1",145
"3",146
"12.2",147
"23",148
"9.0",149
"6.5",150
"50.0",151
"14",152
"16.3",153
"30.0",154
"15",155
"65",156
"35",157
"23",158
"1019.8",159
"4",160
"145.4",161
"16.1",162
"27.2",163
"3",164
"6.8",165
"23",166
"0.0",167
"8.1",168
"360.0",169
"18",170
"13.8",171
"30.0",172
"18",173
"74",174
"32",175
"25",176
"1016.6",177
"0",178
"236.7",179
"16.3",180
"26.6",181
"25",182
"9.6",183
"22",184
"39.7",185
"7.3",186
"110.0",187
"19",188
"13.1",189
"100.0",190
"19",191
"72",192
"30",193
"25",194
"1021.1",195
"8",196
"123.6",197
"16.3",198
"23.1",199
"31",200
"9.4",201
"22",202
"12.4",203
"15.0",204
"20.0",205
"9",206
"23.6",207
"40.0",208
"14",209
"68",210
"47",211
"5",212
"1010.5",213
"5",214
"134.7",215
"17.9",216
"25.8",217
"30",218
"9.8",219
"23",220
"4.5",221
"11.8",222
"40.0",223
"21",224
"18.9",225
"30.0",226
"15",227
"65",228
"37",229
"24",230
"1019.2",231
"5",232
"127.4",233
"10.2",234
"20.6",235
"2",236
"2.4",237
"22",238
"142.5",239
"9.6",240
"360.0",241
"8",242
"18.1",243
"210.0",244
"31",245
"83",246
"34",247
"30",248
"926.5",249
"8",250
"129.8",251
"17.6",252
"27.5",253
"3",254
"9.1",255
"22",256
"0.0",257
"9.1",258
"30.0",259
"14",260
"15.3",261
"30.0",262
"14",263
"68",264
"28",265
"25",266
"1016.8",267
"0",268
"251.5",269
"12.0",270
"22.4",271
"30",272
"4.2",273
"22",274
"107.5",275
"7.8",276
"350.0",277
"8",278
"16.9",279
"30.0",280
"8",281
"76",282
"36",283
"30",284
"951.3",285
"7",286
"157.3",287
"0.4",288
"17.8",289
"31",290
"-10.7",291
"15",292
"0.8",293
"16.2",294
"290.0",295
"4",296
"30.8",297
"290.0",298
"4",299
"35",300
"12",301
"31",302
"641.5",303
"1",304
"306.0",305
"18.4",306
"26.3",307
"31",308
"12.9",309
"24",310
"64.5",311
"9.7",312
"10.0",313
"14",314
"20.5",315
"20.0",316
"14",317
"66",318
"37",319
"23",320
"1015.9",321
"12",322
"101.6",323
"15.6",324
"25.0",325
"3",326
"7.7",327
"23",328
"T",329
"15.2",330
"360.0",331
"18",332
"28.5",333
"30.0",334
"14",335
"74",336
"40",337
"25",338
"1017.4",339
"0",340
"222.1",341
"4.5",342
"16.2",343
"2",344
"-3.4",345
"23",346
"0.5",347
"4.8",348
"150.0",349
"4",350
"10.0",351
"100.0",352
"12",353
"71",354
"13",355
"31",356
"765.3",357
"1",358
"198.7",359
"13.6",360
"22.7",361
"30",362
"5.8",363
"23",364
"0.0",365
"4.8",366
"260.0",367
"16",368
"8.5",369
"260.0",370
"16",371
"67",372
"33",373
"23",374
"905.7",375
"0",376
"233.6",377
"15.5",378
"25.0",379
"25",380
"6.9",381
"24",382
"7.6",383
"13.6",384
"50.0",385
"15",386
"20.2",387
"40.0",388
"13",389
"72",390
"36",391
"25",392
"1019.3",393
"3",394
"177.4",395
"11.2",396
"21.7",397
"30",398
"5.1",399
"23",400
"1.2",401
"8.0",402
"50.0",403
"8",404
"17.1",405
"350.0",406
"13",407
"73",408
"45",409
"22",410
"1012.9",411
"2",412
"193.0",413
"18.0",414
"24.6",415
"25",416
"12.1",417
"22",418
"0.0",419
"21.3",420
"20.0",421
"15",422
"29.5",423
"10.0",424
"15",425
"69",426
"43",427
"18",428
"1014.8",429
"0",430
"198.2",431
"20.5",432
"28.1",433
"3",434
"15.6",435
"22",436
"1.0",437
"12.2",438
"50.0",439
"15",440
"28.4",441
"70.0",442
"14",443
"64",444
"37",445
"25",446
"1016.9",447
"2",448
"206.1",449
"16.3",450
"24.5",451
"25",452
"10.8",453
"24",454
"64.9",455
"11.8",456
"10.0",457
"14",458
"17.7",459
"10.0",460
"15",461
"70",462
"34",463
"25",464
"1018.8",465
"7",466
"126.4",467
"17.6",468
"24.4",469
"3",470
"12.2",471
"21",472
"57.9",473
"25.6",474
"10.0",475
"21",476
"37.4",477
"10.0",478
"21",479
"73",480
"45",481
"24",482
"981.5",483
"16",484
"112.1",485
"16.4",486
"26.4",487
"3",488
"7.2",489
"23",490
"2.0",491
"6.1",492
"10.0",493
"21",494
"13.2",495
"360.0",496
"18",497
"66",498
"26",499
"24",500
"1009.9",501
"1",502
"236.9",503
"16.2",504
"26.6",505
"30",506
"8.1",507
"24",508
"34.7",509
"5.9",510
"60.0",511
"15",512
"13.5",513
"50.0",514
"15",515
"63",516
"30",517
"25",518
"1020.5",519
"6",520
"127.7",521
"15.4",522
"26.0",523
"3",524
"6.9",525
"11",526
"150.9",527
"7.9",528
"50.0",529
"4",530
"18.9",531
"50.0",532
"4",533
"80",534
"41",535
"23",536
"1014.6",537
"14",538
"97.7",539
"16.5",540
"27.5",541
"28",542
"7.8",543
"11",544
"198.0",545
"6.9",546
"80.0",547
"27",548
"13.8",549
"80.0",550
"21",551
"71",552
"39",553
"1",554
"1017.7",555
"14",556
"81.2",557
"20.1",558
"29.1",559
"18",560
"13.8",561
"22",562
"41.4",563
"9.1",564
"170.0",565
"18",566
"13.6",567
"30.0",568
"20",569
"74",570
"41",571
"21",572
"1015.8",573
"11",574
"76.2",575
"15.7",576
"28.7",577
"28",578
"7.1",579
"11",580
"287.0",581
"7.0",582
"20.0",583
"4",584
"14.6",585
"30.0",586
"4",587
"83",588
"46",589
"23",590
"1016.3",591
"14",592
"88.8",593
"17.4",594
"27.8",595
"3",596
"11.0",597
"11",598
"13.0",599
"11.2",600
"30.0",601
"4",602
"21.0",603
"30.0",604
"4",605
"79",606
"46",607
"2",608
"1016.2",609
"12",610
"108.4",611
"16.9",612
"24.8",613
"17",614
"9.8",615
"11",616
"304.6",617
"9.3",618
"150.0",619
"24",620
"16.9",621
"300.0",622
"20",623
"80",624
"49",625
"20",626
"1015.3",627
"22",628
"59.0",629
"12.8",630
"23.6",631
"3",632
"5.7",633
"11",634
"84.3",635
"8.9",636
"60.0",637
"3",638
"17.8",639
"60.0",640
"3",641
"79",642
"46",643
"21",644
"1016.2",645
"14",646
"91.1",647
"20.3",648
"28.5",649
"6",650
"11.3",651
"11",652
"16.0",653
"7.1",654
"350.0",655
"19",656
"13.6",657
"340.0",658
"19",659
"70",660
"42",661
"20",662
"1015.8",663
"5",664
"184.6",665
"19.3",666
"26.9",667
"6",668
"12.4",669
"11",670
"65.9",671
"5.9",672
"200.0",673
"18",674
"14.0",675
"30.0",676
"19",677
"76",678
"39",679
"21",680
"1016.2",681
"18",682
"67.7",683
"17.1",684
"28.8",685
"3",686
"6.8",687
"21",688
"35.6",689
"6.8",690
"360.0",691
"19",692
"12.3",693
"360.0",694
"19",695
"80",696
"42",697
"21",698
"1013.6",699
"10",700
"136.5",701
"16.6",702
"25.3",703
"17",704
"9.5",705
"11",706
"193.1",707
"8.7",708
"40.0",709
"20",710
"13.3",711
"310.0",712
"18",713
"82",714
"47",715
"20",716
"1017.3",717
"18",718
"71.7",719
"15.5",720
"23.5",721
"25",722
"7.3",723
"11",724
"227.1",725
"17.0",726
"30.0",727
"10",728
"25.8",729
"20.0",730
"10",731
"84",732
"57",733
"21",734
"1006.8",735
"18",736
"56.8",737
"17.8",738
"26.0",739
"1",740
"11.5",741
"21",742
"71.1",743
"9.9",744
"50.0",745
"13",746
"16.4",747
"40.0",748
"13",749
"79",750
"42",751
"21",752
"1015.6",753
"21",754
"51.5",755
"10.5",756
"21.1",757
"28",758
"1.6",759
"11",760
"452.0",761
"9.8",762
"360.0",763
"10",764
"21.2",765
"160.0",766
"4",767
"90",768
"47",769
"1",770
"923.4",771
"18",772
"57.8",773
"18.4",774
"28.2",775
"6",776
"8.9",777
"21",778
"9.5",779
"10.4",780
"20.0",781
"19",782
"18.8",783
"30.0",784
"19",785
"75",786
"37",787
"1",788
"1013.8",789
"5",790
"164.5",791
"12.3",792
"23.6",793
"3",794
"3.3",795
"11",796
"331.2",797
"9.9",798
"20.0",799
"9",800
"20.3",801
"10.0",802
"8",803
"86",804
"46",805
"1",806
"948.0",807
"17",808
"82.4",809
"-1.0",810
"14.9",811
"1",812
"-11.9",813
"20",814
"91.5",815
"16.6",816
"280.0",817
"19",818
"30.4",819
"290.0",820
"19",821
"81",822
"13",823
"1",824
"639.2",825
"11",826
"131.9",827
"18.6",828
"26.4",829
"6",830
"12.7",831
"11",832
"92.0",833
"8.8",834
"210.0",835
"6",836
"15.8",837
"20.0",838
"18",839
"79",840
"41",841
"21",842
"1012.5",843
"22",844
"40.6",845
"15.8",846
"25.8",847
"17",848
"8.4",849
"11",850
"43.8",851
"14.3",852
"360.0",853
"20",854
"25.6",855
"30.0",856
"10",857
"82",858
"47",859
"2",860
"1014.4",861
"9",862
"120.9",863
"7.0",864
"18.7",865
"2",866
"-1.6",867
"20",868
"116.0",869
"4.9",870
"140.0",871
"5",872
"13.2",873
"240.0",874
"9",875
"84",876
"13",877
"1",878
"763.6",879
"15",880
"99.3",881
"14.2",882
"26.1",883
"2",884
"6.3",885
"20",886
"68.0",887
"7.3",888
"280.0",889
"28",890
"10.5",891
"280.0",892
"28",893
"80",894
"39",895
"1",896
"903.1",897
"15",898
"121.7",899
"15.2",900
"25.2",901
"2",902
"7.3",903
"11",904
"158.9",905
"15.2",906
"50.0",907
"4",908
"24.4",909
"50.0",910
"4",911
"84",912
"36",913
"23",914
"1015.8",915
"13",916
"93.2",917
"10.1",918
"22.6",919
"2",920
"3.6",921
"11",922
"109.1",923
"8.7",924
"50.0",925
"3",926
"17.8",927
"320.0",928
"5",929
"83",930
"49",931
"20",932
"1009.5",933
"13",934
"70.8",935
"18.1",936
"26.3",937
"3",938
"12.3",939
"11",940
"12.0",941
"19.1",942
"20.0",943
"10",944
"25.9",945
"20.0",946
"10",947
"75",948
"55",949
"20",950
"1011.7",951
"8",952
"123.7",953
"21.2",954
"28.3",955
"6",956
"15.6",957
"20",958
"12.5",959
"13.2",960
"40.0",961
"4",962
"27.8",963
"40.0",964
"4",965
"74",966
"37",967
"22",968
"1013.8",969
"8",970
"148.3",971
"15.8",972
"26.7",973
"17",974
"8.1",975
"11",976
"478.6",977
"11.4",978
"10.0",979
"10",980
"19.6",981
"360.0",982
"9",983
"81",984
"51",985
"17",986
"1015.3",987
"17",988
"70.7",989
"18.1",990
"25.4",991
"7",992
"12.9",993
"10",994
"282.9",995
"22.8",996
"10.0",997
"19",998
"29.5",999
"20.0",1000
"20",1001
"86",1002
"53",1003
"21",1004
"978.7",1005
"21",1006
"62.9",1007
"17.0",1008
"29.1",1009
"3",1010
"6.7",1011
"21",1012
"45.2",1013
"5.6",1014
"10.0",1015
"19",1016
"11.5",1017
"360.0",1018
"20",1019
"74",1020
"33",1021
"22",1022
"1006.9",1023
"12",1024
"137.9",1025
"16.0",1026
"27.5",1027
"3",1028
"7.6",1029
"11",1030
"215.5",1031
"6.0",1032
"60.0",1033
"21",1034
"13.7",1035
"80.0",1036
"4",1037
"75",1038
"34",1039
"1",1040
"1017.1",1041
"14",1042
"74.7",1043
"18.0",1044
"31.0",1045
"29",1046
"11.6",1047
"9",1048
"129.0",1049
"6.9",1050
"20.0",1051
"20",1052
"16.3",1053
"20.0",1054
"21",1055
"76",1056
"44",1057
"23",1058
"1014.5",1059
"16",1060
"89.5",1061
"18.9",1062
"32.3",1063
"28",1064
"11.8",1065
"21",1066
"147.0",1067
"7.4",1068
"90.0",1069
"22",1070
"14.1",1071
"100.0",1072
"10",1073
"72",1074
"46",1075
"30",1076
"1017.5",1077
"14",1078
"66.9",1079
"21.3",1080
"33.4",1081
"29",1082
"15.2",1083
"14",1084
"69.9",1085
"9.5",1086
"170.0",1087
"8",1088
"17.4",1089
"30.0",1090
"20",1091
"74",1092
"47",1093
"29",1094
"1016.6",1095
"8",1096
"62.5",1097
"18.3",1098
"30.7",1099
"27",1100
"10.1",1101
"10",1102
"111.0",1103
"6.7",1104
"20.0",1105
"2",1106
"14.2",1107
"20.0",1108
"2",1109
"76",1110
"41",1111
"30",1112
"1015.4",1113
"15",1114
"80.3",1115
"19.1",1116
"28.6",1117
"29",1118
"13.4",1119
"8",1120
"66.4",1121
"11.9",1122
"40.0",1123
"20",1124
"22.8",1125
"30.0",1126
"21",1127
"80",1128
"43",1129
"14",1130
"1016.3",1131
"6",1132
"113.2",1133
"18.6",1134
"30.6",1135
"29",1136
"10.7",1137
"15",1138
"116.8",1139
"8.6",1140
"150.0",1141
"28",1142
"18.5",1143
"40.0",1144
"13",1145
"78",1146
"48",1147
"15",1148
"1015.5",1149
"18",1150
"65.5",1151
"15.3",1152
"26.3",1153
"26",1154
"8.4",1155
"7",1156
"52.2",1157
"9.2",1158
"70.0",1159
"20",1160
"19.0",1161
"70.0",1162
"20",1163
"76",1164
"41",1165
"21",1166
"1015.7",1167
"12",1168
"76.3",1169
"22.6",1170
"30.6",1171
"27",1172
"16.8",1173
"9",1174
"67.0",1175
"12.2",1176
"320.0",1177
"31",1178
"25.2",1179
"310.0",1180
"31",1181
"72",1182
"53",1183
"14",1184
"1016.2",1185
"2",1186
"190.4",1187
"20.8",1188
"33.1",1189
"29",1190
"14.8",1191
"15",1192
"35.0",1193
"6.1",1194
"50.0",1195
"20",1196
"17.0",1197
"50.0",1198
"13",1199
"75",1200
"34",1201
"29",1202
"1016.9",1203
"13",1204
"62.5",1205
"19.9",1206
"32.0",1207
"29",1208
"13.3",1209
"15",1210
"55.8",1211
"8.5",1212
"240.0",1213
"29",1214
"14.0",1215
"240.0",1216
"29",1217
"78",1218
"50",1219
"25",1220
"1013.7",1221
"7",1222
"131.0",1223
"18.3",1224
"29.4",1225
"29",1226
"10.1",1227
"15",1228
"99.3",1229
"9.1",1230
"50.0",1231
"20",1232
"15.1",1233
"320.0",1234
"8",1235
"80",1236
"48",1237
"15",1238
"1017.4",1239
"16",1240
"73.2",1241
"17.5",1242
"27.3",1243
"29",1244
"10.3",1245
"21",1246
"114.3",1247
"19.4",1248
"160.0",1249
"12",1250
"29.3",1251
"10.0",1252
"20",1253
"81",1254
"46",1255
"15",1256
"1007.0",1257
"14",1258
"106.0",1259
"19.3",1260
"27.8",1261
"27",1262
"13.6",1263
"14",1264
"62.0",1265
"11.3",1266
"40.0",1267
"20",1268
"19.9",1269
"40.0",1270
"20",1271
"77",1272
"51",1273
"22",1274
"1016.1",1275
"17",1276
"58.0",1277
"12.7",1278
"24.5",1279
"28",1280
"4.3",1281
"21",1282
"220.5",1283
"10.4",1284
"360.0",1285
"13",1286
"18.5",1287
"350.0",1288
"20",1289
"89",1290
"37",1291
"16",1292
"924.0",1293
"18",1294
"54.0",1295
"21.3",1296
"30.8",1297
"26",1298
"14.2",1299
"9",1300
"27.6",1301
"8.9",1302
"210.0",1303
"29",1304
"15.0",1305
"10.0",1306
"31",1307
"71",1308
"42",1309
"16",1310
"1014.0",1311
"2",1312
"158.4",1313
"14.3",1314
"26.6",1315
"28",1316
"6.1",1317
"21",1318
"166.0",1319
"9.0",1320
"20.0",1321
"13",1322
"20.5",1323
"10.0",1324
"20",1325
"84",1326
"47",1327
"30",1328
"948.4",1329
"18",1330
"68.1",1331
"1.3",1332
"13.1",1333
"19",1334
"-3.8",1335
"10",1336
"87.2",1337
"15.3",1338
"300.0",1339
"31",1340
"28.0",1341
"280.0",1342
"31",1343
"86",1344
"21",1345
"25",1346
"641.9",1347
"10",1348
"89.1",1349
"19.7",1350
"27.5",1351
"29",1352
"14.0",1353
"21",1354
"81.3",1355
"9.6",1356
"10.0",1357
"20",1358
"18.3",1359
"360.0",1360
"20",1361
"80",1362
"53",1363
"22",1364
"1013.1",1365
"19",1366
"19.4",1367
"18.4",1368
"30.1",1369
"29",1370
"12.4",1371
"8",1372
"35.7",1373
"14.6",1374
"360.0",1375
"20",1376
"26.5",1377
"360.0",1378
"20",1379
"80",1380
"50",1381
"25",1382
"1014.4",1383
"12",1384
"120.7",1385
"9.9",1386
"19.0",1387
"19",1388
"4.6",1389
"10",1390
"149.5",1391
"6.2",1392
"330.0",1393
"13",1394
"14.7",1395
"320.0",1396
"13",1397
"82",1398
"29",1399
"20",1400
"765.7",1401
"11",1402
"140.8",1403
"16.3",1404
"27.7",1405
"26",1406
"10.9",1407
"15",1408
"80.0",1409
"7.3",1410
"270.0",1411
"29",1412
"13.3",1413
"250.0",1414
"29",1415
"84",1416
"40",1417
"20",1418
"904.2",1419
"8",1420
"88.1",1421
"17.4",1422
"27.7",1423
"29",1424
"11.1",1425
"9",1426
"78.3",1427
"13.9",1428
"40.0",1429
"20",1430
"22.1",1431
"40.0",1432
"20",1433
"80",1434
"47",1435
"30",1436
"1015.6",1437
"12",1438
"85.5",1439
"12.9",1440
"28.1",1441
"26",1442
"6.0",1443
"3",1444
"95.0",1445
"10.1",1446
"180.0",1447
"29",1448
"18.7",1449
"340.0",1450
"20",1451
"78",1452
"44",1453
"26",1454
"1008.6",1455
"13",1456
"106.7",1457
"19.7",1458
"26.8",1459
"31",1460
"14.8",1461
"9",1462
"81.8",1463
"20.3",1464
"20.0",1465
"20",1466
"28.0",1467
"10.0",1468
"20",1469
"76",1470
"52",1471
"16",1472
"1012.0",1473
"5",1474
"125.1",1475
"22.4",1476
"31.0",1477
"28",1478
"17.0",1479
"21",1480
"61.0",1481
"11.9",1482
"40.0",1483
"21",1484
"25.6",1485
"20.0",1486
"21",1487
"73",1488
"48",1489
"24",1490
"1014.5",1491
"2",1492
"191.2",1493
"18.1",1494
"31.4",1495
"28",1496
"11.9",1497
"21",1498
"239.8",1499
"10.4",1500
"10.0",1501
"21",1502
"18.1",1503
"240.0",1504
"29",1505
"75",1506
"47",1507
"15",1508
"1015.2",1509
"16",1510
"81.1",1511
"19.0",1512
"27.1",1513
"27",1514
"13.6",1515
"21",1516
"95.0",1517
"18.0",1518
"10.0",1519
"2",1520
"27.8",1521
"360.0",1522
"20",1523
"84",1524
"60",1525
"22",1526
"979.7",1527
"12",1528
"85.8",1529
"19.8",1530
"31.8",1531
"29",1532
"13.4",1533
"9",1534
"57.5",1535
"5.3",1536
"10.0",1537
"20",1538
"10.9",1539
"350.0",1540
"20",1541
"72",1542
"45",1543
"14",1544
"1007.0",1545
"13",1546
"108.6",1547
"18.5",1548
"31.6",1549
"28",1550
"12.0",1551
"21",1552
"165.5",1553
"8.1",1554
"230.0",1555
"29",1556
"19.9",1557
"220.0",1558
"29",1559
"72",1560
"43",1561
"15",1562
"1016.8",1563
"15",1564
"68.6",1565
"22.3",1566
"29.9",1567
"19",1568
"14.4",1569
"5",1570
"62.0",1571
"6.2",1572
"20.0",1573
"4",1574
"15.6",1575
"10.0",1576
"4",1577
"75",1578
"38",1579
"5",1580
"1010.5",1581
"12",1582
"129.7",1583
"22.5",1584
"33.3",1585
"18",1586
"16.7",1587
"5",1588
"98.1",1589
"8.2",1590
"80.0",1591
"6",1592
"14.4",1593
"70.0",1594
"6",1595
"77",1596
"36",1597
"5",1598
"1013.4",1599
"12",1600
"99.5",1601
"24.1",1602
"30.6",1603
"19",1604
"17.9",1605
"4",1606
"25.5",1607
"6.7",1608
"30.0",1609
"14",1610
"13.4",1611
"30.0",1612
"14",1613
"76",1614
"55",1615
"4",1616
"1012.7",1617
"11",1618
"112.9",1619
"22.0",1620
"31.3",1621
"18",1622
"13.7",1623
"5",1624
"93.5",1625
"5.6",1626
"10.0",1627
"9",1628
"13.1",1629
"100.0",1630
"6",1631
"77",1632
"34",1633
"10",1634
"1011.2",1635
"10",1636
"129.7",1637
"23.2",1638
"29.8",1639
"22",1640
"18.7",1641
"2",1642
"23.9",1643
"9.9",1644
"40.0",1645
"14",1646
"18.9",1647
"30.0",1648
"14",1649
"79",1650
"52",1651
"29",1652
"1012.3",1653
"5",1654
"163.1",1655
"21.7",1656
"28.6",1657
"18",1658
"16.2",1659
"5",1660
"109.7",1661
"8.4",1662
"160.0",1663
"16",1664
"16.0",1665
"70.0",1666
"22",1667
"81",1668
"57",1669
"4",1670
"1011.5",1671
"18",1672
"67.7",1673
"19.3",1674
"26.7",1675
"28",1676
"12.1",1677
"7",1678
"53.0",1679
"7.3",1680
"70.0",1681
"14",1682
"17.9",1683
"60.0",1684
"14",1685
"78",1686
"37",1687
"15",1688
"1011.5",1689
"7",1690
"121.0",1691
"25.9",1692
"31.7",1693
"25",1694
"20.2",1695
"5",1696
"27.0",1697
"8.9",1698
"340.0",1699
"2",1700
"14.5",1701
"340.0",1702
"2",1703
"74",1704
"55",1705
"29",1706
"1012.5",1707
"4",1708
"197.8",1709
"23.9",1710
"30.6",1711
"27",1712
"18.0",1713
"4",1714
"34.6",1715
"4.8",1716
"40.0",1717
"4",1718
"11.8",1719
"30.0",1720
"4",1721
"76",1722
"55",1723
"15",1724
"1012.8",1725
"16",1726
"93.0",1727
"23.5",1728
"31.4",1729
"27",1730
"15.9",1731
"5",1732
"24.5",1733
"6.4",1734
"360.0",1735
"22",1736
"9.9",1737
"360.0",1738
"22",1739
"79",1740
"44",1741
"16",1742
"1009.9",1743
"6",1744
"138.4",1745
"21.7",1746
"29.2",1747
"13",1748
"16.0",1749
"15",1750
"105.1",1751
"10.2",1752
"320.0",1753
"1",1754
"17.6",1755
"340.0",1756
"1",1757
"82",1758
"55",1759
"17",1760
"1013.2",1761
"11",1762
"70.6",1763
"20.3",1764
"27.3",1765
"18",1766
"15.7",1767
"4",1768
"60.3",1769
"16.4",1770
"110.0",1771
"25",1772
"21.6",1773
"120.0",1774
"25",1775
"83",1776
"52",1777
"5",1778
"1003.1",1779
"9",1780
"132.6",1781
"22.3",1782
"29.6",1783
"27",1784
"17.1",1785
"5",1786
"103.5",1787
"8.0",1788
"170.0",1789
"17",1790
"13.9",1791
"40.0",1792
"28",1793
"80",1794
"52",1795
"15",1796
"1012.1",1797
"17",1798
"64.0",1799
"16.3",1800
"25.3",1801
"12",1802
"9.3",1803
"5",1804
"168.5",1805
"9.1",1806
"360.0",1807
"1",1808
"17.9",1809
"130.0",1810
"6",1811
"87",1812
"42",1813
"5",1814
"921.4",1815
"13",1816
"88.5",1817
"25.0",1818
"32.2",1819
"25",1820
"18.9",1821
"2",1822
"12.0",1823
"7.5",1824
"50.0",1825
"22",1826
"13.3",1827
"360.0",1828
"2",1829
"73",1830
"39",1831
"29",1832
"1010.4",1833
"4",1834
"160.6",1835
"18.0",1836
"27.0",1837
"17",1838
"11.5",1839
"5",1840
"111.5",1841
"7.7",1842
"20.0",1843
"13",1844
"17.1",1845
"20.0",1846
"14",1847
"83",1848
"44",1849
"11",1850
"945.4",1851
"10",1852
"108.4",1853
"4.6",1854
"18.4",1855
"18",1856
"-4.6",1857
"5",1858
"49.5",1859
"12.3",1860
"270.0",1861
"12",1862
"22.1",1863
"290.0",1864
"7",1865
"77",1866
"14",1867
"10",1868
"642.3",1869
"9",1870
"153.0",1871
"22.7",1872
"29.2",1873
"21",1874
"17.7",1875
"4",1876
"64.8",1877
"8.7",1878
"20.0",1879
"14",1880
"14.3",1881
"20.0",1882
"14",1883
"80",1884
"55",1885
"4",1886
"1009.3",1887
"18",1888
"52.2",1889
"22.6",1890
"29.0",1891
"19",1892
"16.9",1893
"5",1894
"17.6",1895
"14.1",1896
"360.0",1897
"14",1898
"22.0",1899
"10.0",1900
"14",1901
"79",1902
"47",1903
"16",1904
"1010.6",1905
"5",1906
"164.9",1907
"11.8",1908
"21.3",1909
"19",1910
"3.5",1911
"5",1912
"86.7",1913
"4.7",1914
"150.0",1915
"3",1916
"10.7",1917
"290.0",1918
"2",1919
"85",1920
"31",1921
"17",1922
"764.9",1923
"9",1924
"128.0",1925
"19.4",1926
"28.7",1927
"12",1928
"13.6",1929
"5",1930
"48.0",1931
"7.2",1932
"140.0",1933
"3",1934
"10.8",1935
"140.0",1936
"3",1937
"81",1938
"51",1939
"10",1940
"902.3",1941
"13",1942
"102.0",1943
"21.5",1944
"27.9",1945
"18",1946
"13.7",1947
"5",1948
"89.9",1949
"12.7",1950
"40.0",1951
"4",1952
"19.0",1953
"60.0",1954
"6",1955
"80",1956
"49",1957
"5",1958
"1011.6",1959
"8",1960
"132.2",1961
"16.7",1962
"28.3",1963
"27",1964
"9.0",1965
"7",1966
"86.2",1967
"10.7",1968
"200.0",1969
"17",1970
"20.3",1971
"200.0",1972
"12",1973
"79",1974
"49",1975
"5",1976
"1004.5",1977
"11",1978
"137.0",1979
"23.3",1980
"28.8",1981
"13",1982
"18.7",1983
"2",1984
"19.2",1985
"14.6",1986
"10.0",1987
"14",1988
"20.6",1989
"10.0",1990
"14",1991
"76",1992
"57",1993
"4",1994
"1008.4",1995
"4",1996
"185.6",1997
"25.2",1998
"31.2",1999
"25",2000
"20.5",2001
"5",2002
"12.0",2003
"10.8",2004
"30.0",2005
"4",2006
"22.2",2007
"50.0",2008
"4",2009
"73",2010
"48",2011
"19",2012
"1010.9",2013
"4",2014
"186.3",2015
"21.4",2016
"29.9",2017
"26",2018
"15.2",2019
"5",2020
"140.5",2021
"8.0",2022
"50.0",2023
"6",2024
"13.4",2025
"50.0",2026
"6",2027
"79",2028
"49",2029
"5",2030
"1011.1",2031
"14",2032
"99.3",2033
"21.9",2034
"28.0",2035
"27",2036
"17.0",2037
"4",2038
"112.8",2039
"17.6",2040
"10.0",2041
"14",2042
"25.9",2043
"20.0",2044
"14",2045
"84",2046
"57",2047
"3",2048
"976.5",2049
"13",2050
"97.9",2051
"24.1",2052
"32.5",2053
"27",2054
"17.1",2055
"5",2056
"15.6",2057
"5.8",2058
"360.0",2059
"22",2060
"11.3",2061
"360.0",2062
"22",2063
"69",2064
"40",2065
"29",2066
"1003.4",2067
"8",2068
"143.6",2069
"22.4",2070
"32.2",2071
"18",2072
"16.2",2073
"5",2074
"85.1",2075
"6.4",2076
"50.0",2077
"6",2078
"13.4",2079
"80.0",2080
"6",2081
"74",2082
"34",2083
"5",2084
"1012.8",2085
"12",2086
"116.3",2087
"25.3",2088
"34.2",2089
"14",2090
"15.3",2091
"6",2092
"339.3",2093
"5.8",2094
"280.0",2095
"26",2096
"15.2",2097
"290.0",2098
"18",2099
"80",2100
"51",2101
"14",2102
"1007.0",2103
"22",2104
"88.5",2105
"25.2",2106
"35.6",2107
"14",2108
"15.1",2109
"6",2110
"634.7",2111
"8.4",2112
"260.0",2113
"14",2114
"17.4",2115
"280.0",2116
"14",2117
"81",2118
"46",2119
"14",2120
"1009.6",2121
"21",2122
"45.9",2123
"27.2",2124
"36.6",2125
"18",2126
"20.9",2127
"7",2128
"40.8",2129
"7.4",2130
"160.0",2131
"22",2132
"13.9",2133
"150.0",2134
"22",2135
"76",2136
"40",2137
"14",2138
"1009.4",2139
"11",2140
"158.2",2141
"24.6",2142
"34.9",2143
"14",2144
"14.9",2145
"6",2146
"697.7",2147
"7.8",2148
"20.0",2149
"5",2150
"18.5",2151
"270.0",2152
"14",2153
"86",2154
"45",2155
"3",2156
"1007.4",2157
"20",2158
"74.4",2159
"25.7",2160
"31.8",2161
"25",2162
"19.5",2163
"6",2164
"195.8",2165
"9.8",2166
"40.0",2167
"5",2168
"19.8",2169
"40.0",2170
"5",2171
"88",2172
"64",2173
"3",2174
"1009.4",2175
"17",2176
"117.6",2177
"24.2",2178
"31.0",2179
"26",2180
"15.8",2181
"6",2182
"374.0",2183
"6.6",2184
"80.0",2185
"23",2186
"17.1",2187
"40.0",2188
"5",2189
"86",2190
"64",2191
"4",2192
"1007.8",2193
"27",2194
"68.4",2195
"22.2",2196
"29.5",2197
"29",2198
"12.9",2199
"6",2200
"300.8",2201
"8.2",2202
"60.0",2203
"5",2204
"17.2",2205
"60.0",2206
"5",2207
"87",2208
"37",2209
"5",2210
"1007.5",2211
"23",2212
"39.1",2213
"27.8",2214
"32.9",2215
"24",2216
"21.9",2217
"6",2218
"198.5",2219
"6.1",2220
"230.0",2221
"20",2222
"14.1",2223
"290.0",2224
"20",2225
"78",2226
"56",2227
"24",2228
"1010.2",2229
"13",2230
"192.6",2231
"26.8",2232
"37.6",2233
"14",2234
"20.0",2235
"6",2236
"101.6",2237
"5.3",2238
"200.0",2239
"12",2240
"13.4",2241
"40.0",2242
"5",2243
"77",2244
"34",2245
"14",2246
"1009.1",2247
"15",2248
"139.5",2249
"26.2",2250
"34.0",2251
"12",2252
"16.6",2253
"6",2254
"243.6",2255
"9.8",2256
"360.0",2257
"5",2258
"18.1",2259
"350.0",2260
"5",2261
"81",2262
"50",2263
"11",2264
"1007.3",2265
"20",2266
"120.7",2267
"24.0",2268
"32.7",2269
"26",2270
"15.2",2271
"6",2272
"351.2",2273
"6.1",2274
"20.0",2275
"26",2276
"12.0",2277
"330.0",2278
"5",2279
"89",2280
"62",2281
"26",2282
"1009.7",2283
"25",2284
"60.6",2285
"23.0",2286
"29.5",2287
"25",2288
"15.4",2289
"6",2290
"289.7",2291
"17.1",2292
"270.0",2293
"14",2294
"23.5",2295
"10.0",2296
"5",2297
"90",2298
"56",2299
"5",2300
"999.3",2301
"23",2302
"61.6",2303
"24.8",2304
"31.7",2305
"27",2306
"17.6",2307
"6",2308
"235.5",2309
"9.2",2310
"40.0",2311
"5",2312
"15.7",2313
"60.0",2314
"5",2315
"85",2316
"61",2317
"21",2318
"1008.5",2319
"22",2320
"77.4",2321
"19.7",2322
"27.3",2323
"26",2324
"9.3",2325
"6",2326
"855.5",2327
"9.8",2328
"360.0",2329
"5",2330
"22.3",2331
"360.0",2332
"5",2333
"88",2334
"56",2335
"8",2336
"919.2",2337
"22",2338
"39.2",2339
"27.2",2340
"33.8",2341
"24",2342
"18.3",2343
"6",2344
"181.5",2345
"7.5",2346
"160.0",2347
"9",2348
"14.8",2349
"150.0",2350
"9",2351
"79",2352
"50",2353
"24",2354
"1008.0",2355
"18",2356
"141.9",2357
"21.2",2358
"28.9",2359
"24",2360
"10.8",2361
"6",2362
"771.2",2363
"10.1",2364
"20.0",2365
"5",2366
"19.9",2367
"30.0",2368
"5",2369
"88",2370
"60",2371
"3",2372
"942.8",2373
"24",2374
"57.0",2375
"5.4",2376
"13.1",2377
"26",2378
"0.4",2379
"9",2380
"678.4",2381
"22.1",2382
"230.0",2383
"9",2384
"30.0",2385
"240.0",2386
"9",2387
"94",2388
"59",2389
"23",2390
"642.5",2391
"29",2392
"29.9",2393
"25.4",2394
"32.3",2395
"14",2396
"19.6",2397
"6",2398
"120.3",2399
"8.3",2400
"10.0",2401
"5",2402
"15.3",2403
"10.0",2404
"5",2405
"82",2406
"59",2407
"21",2408
"1005.6",2409
"18",2410
"71.4",2411
"25.4",2412
"32.7",2413
"12",2414
"15.3",2415
"6",2416
"494.0",2417
"11.9",2418
"360.0",2419
"5",2420
"22.4",2421
"360.0",2422
"5",2423
"85",2424
"52",2425
"11",2426
"1007.6",2427
"19",2428
"76.5",2429
"12.9",2430
"20.5",2431
"16",2432
"8.6",2433
"1",2434
"759.9",2435
"5.6",2436
"310.0",2437
"20",2438
"15.0",2439
"280.0",2440
"20",2441
"94",2442
"66",2443
"23",2444
"764.8",2445
"31",2446
"26.0",2447
"20.9",2448
"28.9",2449
"31",2450
"15.8",2451
"7",2452
"718.2",2453
"7.5",2454
"140.0",2455
"16",2456
"14.8",2457
"200.0",2458
"12",2459
"86",2460
"56",2461
"23",2462
"900.9",2463
"27",2464
"47.3",2465
"24.4",2466
"31.0",2467
"18",2468
"15.8",2469
"6",2470
"567.6",2471
"13.9",2472
"220.0",2473
"15",2474
"22.4",2475
"210.0",2476
"14",2477
"88",2478
"53",2479
"3",2480
"1007.8",2481
"20",2482
"71.9",2483
"20.7",2484
"29.1",2485
"28",2486
"13.9",2487
"5",2488
"205.1",2489
"13.2",2490
"210.0",2491
"14",2492
"24.0",2493
"220.0",2494
"14",2495
"83",2496
"53",2497
"28",2498
"1000.3",2499
"21",2500
"68.7",2501
"25.7",2502
"30.6",2503
"31",2504
"19.8",2505
"6",2506
"153.4",2507
"16.9",2508
"10.0",2509
"5",2510
"23.3",2511
"10.0",2512
"5",2513
"83",2514
"68",2515
"10",2516
"1005.7",2517
"13",2518
"135.6",2519
"27.8",2520
"34.5",2521
"24",2522
"22.3",2523
"7",2524
"40.5",2525
"9.3",2526
"30.0",2527
"3",2528
"20.6",2529
"30.0",2530
"3",2531
"75",2532
"45",2533
"8",2534
"1008.4",2535
"9",2536
"182.7",2537
"24.4",2538
"35.3",2539
"14",2540
"15.8",2541
"6",2542
"482.1",2543
"11.4",2544
"360.0",2545
"5",2546
"26.9",2547
"220.0",2548
"14",2549
"86",2550
"46",2551
"14",2552
"1007.2",2553
"24",2554
"59.5",2555
"24.5",2556
"29.6",2557
"29",2558
"18.4",2559
"3",2560
"462.0",2561
"18.1",2562
"240.0",2563
"15",2564
"26.5",2565
"240.0",2566
"15",2567
"89",2568
"66",2569
"10",2570
"974.0",2571
"15",2572
"98.7",2573
"25.8",2574
"33.7",2575
"12",2576
"16.5",2577
"6",2578
"659.6",2579
"6.0",2580
"10.0",2581
"5",2582
"12.5",2583
"30.0",2584
"15",2585
"78",2586
"48",2587
"11",2588
"1000.9",2589
"22",2590
"75.8",2591
"25.1",2592
"35.3",2593
"14",2594
"15.2",2595
"6",2596
"580.4",2597
"8.8",2598
"220.0",2599
"14",2600
"19.2",2601
"200.0",2602
"14",2603
"80",2604
"45",2605
"14",2606
"1008.9",2607
"22",2608
"63.3",2609
"28.3",2610
"34.3",2611
"17",2612
"22.5",2613
"13",2614
"129.2",2615
"6.3",2616
"20.0",2617
"12",2618
"15.2",2619
"270.0",2620
"17",2621
"78",2622
"43",2623
"13",2624
"1001.6",2625
"14",2626
"163.8",2627
"28.0",2628
"36.3",2629
"17",2630
"23.1",2631
"6",2632
"384.4",2633
"7.5",2634
"80.0",2635
"13",2636
"14.2",2637
"270.0",2638
"17",2639
"76",2640
"51",2641
"13",2642
"1004.0",2643
"20",2644
"57.4",2645
"28.6",2646
"38.0",2647
"2",2648
"23.3",2649
"13",2650
"273.7",2651
"6.9",2652
"30.0",2653
"12",2654
"13.9",2655
"30.0",2656
"12",2657
"77",2658
"42",2659
"2",2660
"1004.0",2661
"13",2662
"196.7",2663
"27.5",2664
"35.3",2665
"23",2666
"20.6",2667
"12",2668
"177.1",2669
"5.5",2670
"10.0",2671
"24",2672
"15.1",2673
"270.0",2674
"17",2675
"83",2676
"49",2677
"13",2678
"1002.4",2679
"13",2680
"120.6",2681
"27.8",2682
"32.9",2683
"28",2684
"24.6",2685
"6",2686
"151.0",2687
"8.3",2688
"40.0",2689
"12",2690
"16.6",2691
"30.0",2692
"12",2693
"86",2694
"67",2695
"12",2696
"1004.0",2697
"13",2698
"182.1",2699
"27.4",2700
"33.7",2701
"28",2702
"23.1",2703
"12",2704
"153.9",2705
"7.2",2706
"170.0",2707
"15",2708
"15.0",2709
"40.0",2710
"11",2711
"82",2712
"50",2713
"13",2714
"1002.2",2715
"22",2716
"124.0",2717
"26.5",2718
"33.1",2719
"30",2720
"22.0",2721
"10",2722
"148.5",2723
"10.0",2724
"190.0",2725
"16",2726
"18.1",2727
"140.0",2728
"16",2729
"86",2730
"46",2731
"12",2732
"1001.5",2733
"13",2734
"134.2",2735
"29.2",2736
"33.6",2737
"1",2738
"25.0",2739
"7",2740
"235.0",2741
"7.0",2742
"260.0",2743
"7",2744
"15.7",2745
"270.0",2746
"7",2747
"81",2748
"57",2749
"1",2750
"1004.8",2751
"19",2752
"199.4",2753
"28.7",2754
"35.4",2755
"25",2756
"22.6",2757
"13",2758
"254.5",2759
"6.0",2760
"200.0",2761
"23",2762
"14.7",2763
"190.0",2764
"23",2765
"79",2766
"53",2767
"17",2768
"1003.6",2769
"12",2770
"209.5",2771
"28.7",2772
"35.4",2773
"24",2774
"23.3",2775
"3",2776
"386.7",2777
"8.7",2778
"40.0",2779
"3",2780
"14.9",2781
"230.0",2782
"21",2783
"77",2784
"50",2785
"1",2786
"1002.0",2787
"14",2788
"180.7",2789
"27.2",2790
"33.4",2791
"28",2792
"22.0",2793
"6",2794
"210.5",2795
"6.1",2796
"80.0",2797
"8",2798
"9.2",2799
"70.0",2800
"8",2801
"85",2802
"56",2803
"13",2804
"1004.3",2805
"19",2806
"106.0",2807
"25.9",2808
"31.6",2809
"30",2810
"21.3",2811
"3",2812
"127.8",2813
"22.6",2814
"290.0",2815
"18",2816
"27.9",2817
"280.0",2818
"18",2819
"89",2820
"68",2821
"13",2822
"993.9",2823
"17",2824
"120.0",2825
"27.7",2826
"34.0",2827
"18",2828
"23.2",2829
"14",2830
"66.5",2831
"9.9",2832
"180.0",2833
"21",2834
"17.1",2835
"170.0",2836
"21",2837
"82",2838
"54",2839
"13",2840
"1002.9",2841
"10",2842
"156.0",2843
"22.1",2844
"27.9",2845
"30",2846
"17.0",2847
"12",2848
"353.5",2849
"7.8",2850
"10.0",2851
"23",2852
"18.9",2853
"350.0",2854
"17",2855
"87",2856
"63",2857
"27",2858
"915.0",2859
"18",2860
"40.2",2861
"29.0",2862
"34.3",2863
"28",2864
"24.6",2865
"6",2866
"134.3",2867
"8.3",2868
"200.0",2869
"16",2870
"14.0",2871
"210.0",2872
"21",2873
"80",2874
"52",2875
"1",2876
"1002.6",2877
"18",2878
"182.4",2879
"23.7",2880
"30.3",2881
"30",2882
"18.9",2883
"12",2884
"316.7",2885
"7.5",2886
"20.0",2887
"8",2888
"17.0",2889
"360.0",2890
"24",2891
"87",2892
"66",2893
"29",2894
"938.2",2895
"19",2896
"70.3",2897
"8.5",2898
"20.3",2899
"28",2900
"2.3",2901
"5",2902
"336.5",2903
"19.2",2904
"150.0",2905
"14",2906
"27.1",2907
"170.0",2908
"14",2909
"83",2910
"37",2911
"27",2912
"640.9",2913
"19",2914
"135.5",2915
"27.6",2916
"33.6",2917
"2",2918
"23.3",2919
"13",2920
"167.7",2921
"10.3",2922
"190.0",2923
"23",2924
"18.1",2925
"200.0",2926
"23",2927
"81",2928
"62",2929
"23",2930
"1000.1",2931
"13",2932
"160.2",2933
"28.1",2934
"33.3",2935
"16",2936
"23.5",2937
"12",2938
"125.1",2939
"11.8",2940
"360.0",2941
"12",2942
"19.9",2943
"360.0",2944
"12",2945
"82",2946
"57",2947
"28",2948
"1002.0",2949
"11",2950
"183.7",2951
"15.4",2952
"23.3",2953
"30",2954
"9.6",2955
"5",2956
"477.8",2957
"4.8",2958
"270.0",2959
"3",2960
"12.9",2961
"280.0",2962
"3",2963
"89",2964
"52",2965
"27",2966
"762.0",2967
"23",2968
"92.6",2969
"23.0",2970
"30.6",2971
"12",2972
"18.7",2973
"6",2974
"478.5",2975
"5.4",2976
"150.0",2977
"6",2978
"10.6",2979
"150.0",2980
"6",2981
"89",2982
"61",2983
"2",2984
"896.5",2985
"21",2986
"84.8",2987
"27.5",2988
"32.1",2989
"30",2990
"23.3",2991
"12",2992
"132.2",2993
"12.9",2994
"220.0",2995
"17",2996
"21.7",2997
"230.0",2998
"17",2999
"86",3000
"53",3001
"13",3002
"1002.4",3003
"11",3004
"169.0",3005
"24.6",3006
"31.6",3007
"30",3008
"20.7",3009
"24",3010
"160.0",3011
"12.9",3012
"190.0",3013
"17",3014
"23.4",3015
"190.0",3016
"17",3017
"84",3018
"66",3019
"11",3020
"994.5",3021
"13",3022
"133.3",3023
"27.6",3024
"31.7",3025
"27",3026
"23.4",3027
"6",3028
"121.5",3029
"14.6",3030
"20.0",3031
"12",3032
"19.5",3033
"10.0",3034
"11",3035
"83",3036
"71",3037
"1",3038
"1000.2",3039
"14",3040
"196.6",3041
"28.8",3042
"33.5",3043
"30",3044
"24.5",3045
"14",3046
"323.0",3047
"13.4",3048
"30.0",3049
"12",3050
"24.1",3051
"20.0",3052
"12",3053
"80",3054
"52",3055
"1",3056
"1003.2",3057
"16",3058
"172.1",3059
"27.2",3060
"35.0",3061
"26",3062
"22.7",3063
"6",3064
"344.5",3065
"9.4",3066
"230.0",3067
"17",3068
"16.2",3069
"220.0",3070
"17",3071
"83",3072
"56",3073
"26",3074
"1001.6",3075
"19",3076
"90.5",3077
"25.8",3078
"30.5",3079
"27",3080
"21.2",3081
"12",3082
"583.5",3083
"16.9",3084
"10.0",3085
"12",3086
"25.8",3087
"20.0",3088
"12",3089
"89",3090
"73",3091
"30",3092
"969.2",3093
"19",3094
"113.9",3095
"28.6",3096
"34.9",3097
"22",3098
"23.0",3099
"6",3100
"181.0",3101
"5.0",3102
"200.0",3103
"16",3104
"11.4",3105
"200.0",3106
"21",3107
"74",3108
"48",3109
"12",3110
"995.4",3111
"15",3112
"152.1",3113
"28.0",3114
"35.4",3115
"17",3116
"23.1",3117
"6",3118
"425.8",3119
"7.2",3120
"220.0",3121
"17",3122
"16.9",3123
"240.0",3124
"17",3125
"78",3126
"45",3127
"13",3128
"1003.4",3129
"18",3130
"94.5",3131
"30.4",3132
"37.8",3133
"21",3134
"24.9",3135
"26",3136
"66.8",3137
"8.0",3138
"60.0",3139
"23",3140
"19.9",3141
"60.0",3142
"22",3143
"73",3144
"41",3145
"21",3146
"1002.1",3147
"5",3148
"260.3",3149
"30.5",3150
"37.8",3151
"13",3152
"24.4",3153
"26",3154
"222.1",3155
"11.3",3156
"100.0",3157
"23",3158
"26.5",3159
"90.0",3160
"23",3161
"68",3162
"45",3163
"21",3164
"1004.5",3165
"9",3166
"178.3",3167
"29.8",3168
"38.3",3169
"9",3170
"24.3",3171
"29",3172
"206.5",3173
"8.4",3174
"200.0",3175
"22",3176
"17.2",3177
"210.0",3178
"22",3179
"75",3180
"46",3181
"11",3182
"1004.6",3183
"11",3184
"269.4",3185
"29.8",3186
"37.1",3187
"18",3188
"24.4",3189
"26",3190
"124.0",3191
"7.8",3192
"120.0",3193
"23",3194
"25.3",3195
"120.0",3196
"23",3197
"75",3198
"42",3199
"21",3200
"1003.4",3201
"10",3202
"254.0",3203
"29.6",3204
"34.5",3205
"21",3206
"23.2",3207
"23",3208
"268.6",3209
"14.6",3210
"270.0",3211
"23",3212
"23.2",3213
"260.0",3214
"23",3215
"82",3216
"62",3217
"21",3218
"1004.8",3219
"3",3220
"320.2",3221
"29.6",3222
"35.1",3223
"31",3224
"24.8",3225
"23",3226
"179.8",3227
"20.9",3228
"110.0",3229
"23",3230
"36.5",3231
"150.0",3232
"23",3233
"75",3234
"50",3235
"8",3236
"1003.0",3237
"14",3238
"283.1",3239
"29.8",3240
"37.5",3241
"22",3242
"25.8",3243
"24",3244
"106.9",3245
"12.7",3246
"270.0",3247
"23",3248
"21.8",3249
"210.0",3250
"24",3251
"81",3252
"44",3253
"22",3254
"1002.3",3255
"4",3256
"287.9",3257
"30.3",3258
"34.8",3259
"5",3260
"25.7",3261
"19",3262
"309.5",3263
"12.8",3264
"170.0",3265
"23",3266
"23.5",3267
"170.0",3268
"23",3269
"78",3270
"56",3271
"30",3272
"1005.3",3273
"9",3274
"256.8",3275
"30.4",3276
"36.8",3277
"9",3278
"24.8",3279
"22",3280
"221.9",3281
"11.9",3282
"200.0",3283
"23",3284
"26.6",3285
"180.0",3286
"23",3287
"74",3288
"50",3289
"9",3290
"1004.3",3291
"6",3292
"291.7",3293
"30.1",3294
"37.0",3295
"12",3296
"24.7",3297
"19",3298
"203.7",3299
"10.9",3300
"240.0",3301
"23",3302
"20.0",3303
"260.0",3304
"23",3305
"73",3306
"47",3307
"17",3308
"1002.3",3309
"13",3310
"236.2",3311
"29.5",3312
"36.2",3313
"30",3314
"24.8",3315
"24",3316
"208.2",3317
"14.3",3318
"100.0",3319
"23",3320
"26.5",3321
"90.0",3322
"23",3323
"78",3324
"47",3325
"30",3326
"1005.2",3327
"6",3328
"258.5",3329
"28.5",3330
"33.4",3331
"13",3332
"24.8",3333
"23",3334
"31.7",3335
"28.0",3336
"110.0",3337
"23",3338
"39.9",3339
"100.0",3340
"23",3341
"86",3342
"70",3343
"20",3344
"994.7",3345
"6",3346
"236.3",3347
"29.5",3348
"35.2",3349
"21",3350
"24.6",3351
"24",3352
"333.0",3353
"24.4",3354
"130.0",3355
"23",3356
"34.6",3357
"130.0",3358
"23",3359
"77",3360
"50",3361
"21",3362
"1003.7",3363
"5",3364
"287.6",3365
"23.9",3366
"30.7",3367
"6",3368
"19.6",3369
"28",3370
"273.5",3371
"14.9",3372
"110.0",3373
"23",3374
"36.9",3375
"120.0",3376
"23",3377
"86",3378
"65",3379
"24",3380
"915.9",3381
"9",3382
"165.5",3383
"30.4",3384
"35.2",3385
"9",3386
"25.3",3387
"25",3388
"123.4",3389
"10.9",3390
"270.0",3391
"23",3392
"27.7",3393
"280.0",3394
"23",3395
"77",3396
"55",3397
"9",3398
"1003.0",3399
"14",3400
"186.9",3401
"25.4",3402
"31.6",3403
"6",3404
"21.7",3405
"25",3406
"228.0",3407
"6.5",3408
"20.0",3409
"29",3410
"19.5",3411
"210.0",3412
"23",3413
"82",3414
"53",3415
"27",3416
"939.1",3417
"10",3418
"194.0",3419
"9.6",3420
"21.8",3421
"11",3422
"3.9",3423
"24",3424
"430.0",3425
"20.9",3426
"220.0",3427
"24",3428
"30.9",3429
"220.0",3430
"23",3431
"69",3432
"31",3433
"6",3434
"641.8",3435
"11",3436
"218.6",3437
"29.2",3438
"34.8",3439
"8",3440
"24.8",3441
"28",3442
"429.2",3443
"33.3",3444
"190.0",3445
"23",3446
"49.2",3447
"360.0",3448
"22",3449
"77",3450
"53",3451
"7",3452
"1000.8",3453
"9",3454
"257.5",3455
"30.0",3456
"34.8",3457
"22",3458
"23.4",3459
"23",3460
"163.0",3461
"14.8",3462
"360.0",3463
"23",3464
"32.2",3465
"240.0",3466
"23",3467
"77",3468
"52",3469
"17",3470
"1002.5",3471
"8",3472
"290.7",3473
"15.8",3474
"23.3",3475
"18",3476
"10.1",3477
"21",3478
"647.6",3479
"6.1",3480
"80.0",3481
"22",3482
"21.2",3483
"280.0",3484
"23",3485
"88",3486
"42",3487
"7",3488
"762.9",3489
"18",3490
"136.8",3491
"24.0",3492
"31.4",3493
"1",3494
"19.5",3495
"23",3496
"375.0",3497
"4.7",3498
"180.0",3499
"22",3500
"9.3",3501
"180.0",3502
"22",3503
"86",3504
"64",3505
"7",3506
"897.4",3507
"13",3508
"132.8",3509
"29.8",3510
"36.6",3511
"21",3512
"24.9",3513
"23",3514
"40.7",3515
"17.5",3516
"50.0",3517
"23",3518
"28.8",3519
"60.0",3520
"23",3521
"79",3522
"42",3523
"21",3524
"1003.4",3525
"5",3526
"283.1",3527
"28.3",3528
"34.6",3529
"31",3530
"25.0",3531
"23",3532
"75.9",3533
"21.1",3534
"70.0",3535
"23",3536
"38.7",3537
"90.0",3538
"23",3539
"82",3540
"59",3541
"31",3542
"994.9",3543
"5",3544
"257.7",3545
"29.2",3546
"34.9",3547
"18",3548
"24.9",3549
"25",3550
"71.3",3551
"22.6",3552
"290.0",3553
"23",3554
"30.2",3555
"280.0",3556
"23",3557
"80",3558
"66",3559
"18",3560
"1001.0",3561
"7",3562
"314.0",3563
"29.9",3564
"35.0",3565
"4",3566
"25.5",3567
"27",3568
"123.0",3569
"8.8",3570
"280.0",3571
"23",3572
"19.9",3573
"280.0",3574
"23",3575
"80",3576
"50",3577
"30",3578
"1003.7",3579
"11",3580
"241.6",3581
"30.0",3582
"38.1",3583
"9",3584
"25.7",3585
"26",3586
"152.6",3587
"12.7",3588
"150.0",3589
"23",3590
"32.4",3591
"90.0",3592
"23",3593
"72",3594
"45",3595
"9",3596
"1002.4",3597
"10",3598
"261.3",3599
"26.6",3600
"32.8",3601
"8",3602
"23.0",3603
"22",3604
"498.5",3605
"33.5",3606
"240.0",3607
"22",3608
"60.7",3609
"360.0",3610
"22",3611
"86",3612
"58",3613
"31",3614
"969.7",3615
"14",3616
"171.6",3617
"30.1",3618
"36.4",3619
"17",3620
"23.9",3621
"23",3622
"149.1",3623
"7.9",3624
"180.0",3625
"23",3626
"22.2",3627
"170.0",3628
"23",3629
"71",3630
"41",3631
"17",3632
"995.9",3633
"10",3634
"207.0",3635
"30.2",3636
"37.7",3637
"6",3638
"24.3",3639
"26",3640
"234.2",3641
"8.4",3642
"60.0",3643
"23",3644
"22.5",3645
"80.0",3646
"23",3647
"72",3648
"44",3649
"21",3650
"1003.9",3651
"12",3652
"237.2",3653
"29.9",3654
"35.6",3655
"1",3656
"24.1",3657
"18",3658
"62.7",3659
"6.2",3660
"180.0",3661
"18",3662
"14.6",3663
"270.0",3664
"2",3665
"74",3666
"47",3667
"23",3668
"1004.0",3669
"6",3670
"241.3",3671
"30.2",3672
"37.7",3673
"2",3674
"24.7",3675
"19",3676
"84.0",3677
"6.5",3678
"270.0",3679
"14",3680
"13.1",3681
"290.0",3682
"1",3683
"68",3684
"45",3685
"29",3686
"1006.1",3687
"10",3688
"171.3",3689
"29.1",3690
"36.0",3691
"2",3692
"24.1",3693
"23",3694
"85.7",3695
"6.3",3696
"190.0",3697
"13",3698
"14.1",3699
"210.0",3700
"13",3701
"75",3702
"47",3703
"20",3704
"1006.6",3705
"10",3706
"260.1",3707
"29.3",3708
"37.6",3709
"29",3710
"23.8",3711
"18",3712
"68.5",3713
"4.9",3714
"300.0",3715
"15",3716
"11.7",3717
"280.0",3718
"1",3719
"75",3720
"43",3721
"29",3722
"1005.1",3723
"5",3724
"233.9",3725
"28.6",3726
"33.7",3727
"31",3728
"24.6",3729
"19",3730
"62.3",3731
"7.8",3732
"270.0",3733
"12",3734
"13.4",3735
"260.0",3736
"12",3737
"83",3738
"61",3739
"23",3740
"1006.6",3741
"7",3742
"264.6",3743
"29.1",3744
"33.6",3745
"3",3746
"25.3",3747
"24",3748
"31.7",3749
"9.8",3750
"150.0",3751
"29",3752
"13.7",3753
"180.0",3754
"18",3755
"76",3756
"55",3757
"23",3758
"1004.4",3759
"7",3760
"254.8",3761
"28.9",3762
"35.5",3763
"1",3764
"24.9",3765
"29",3766
"115.1",3767
"9.5",3768
"190.0",3769
"19",3770
"18.4",3771
"210.0",3772
"19",3773
"82",3774
"61",3775
"29",3776
"1003.7",3777
"5",3778
"247.2",3779
"29.1",3780
"34.1",3781
"18",3782
"24.8",3783
"13",3784
"902.0",3785
"7.2",3786
"170.0",3787
"4",3788
"14.8",3789
"200.0",3790
"18",3791
"79",3792
"59",3793
"23",3794
"1007.5",3795
"18",3796
"209.2",3797
"29.7",3798
"35.2",3799
"1",3800
"24.8",3801
"21",3802
"145.5",3803
"5.1",3804
"20.0",3805
"21",3806
"11.1",3807
"200.0",3808
"13",3809
"75",3810
"51",3811
"20",3812
"1006.2",3813
"8",3814
"302.1",3815
"28.9",3816
"35.1",3817
"1",3818
"23.4",3819
"21",3820
"253.0",3821
"9.1",3822
"260.0",3823
"18",3824
"17.1",3825
"130.0",3826
"30",3827
"80",3828
"50",3829
"19",3830
"1004.3",3831
"18",3832
"209.4",3833
"28.9",3834
"35.1",3835
"1",3836
"24.4",3837
"24",3838
"137.0",3839
"9.0",3840
"100.0",3841
"26",3842
"13.9",3843
"100.0",3844
"26",3845
"78",3846
"52",3847
"2",3848
"1006.7",3849
"8",3850
"230.5",3851
"28.4",3852
"33.1",3853
"2",3854
"23.5",3855
"20",3856
"137.2",3857
"21.0",3858
"280.0",3859
"1",3860
"26.0",3861
"280.0",3862
"1",3863
"84",3864
"66",3865
"24",3866
"996.0",3867
"10",3868
"224.0",3869
"29.1",3870
"35.1",3871
"15",3872
"24.5",3873
"21",3874
"23.0",3875
"10.0",3876
"180.0",3877
"19",3878
"15.4",3879
"170.0",3880
"19",3881
"78",3882
"54",3883
"15",3884
"1005.3",3885
"6",3886
"280.8",3887
"23.5",3888
"30.1",3889
"29",3890
"19.2",3891
"26",3892
"72.5",3893
"5.9",3894
"110.0",3895
"26",3896
"17.9",3897
"220.0",3898
"1",3899
"86",3900
"58",3901
"23",3902
"917.3",3903
"7",3904
"143.5",3905
"29.0",3906
"33.9",3907
"28",3908
"24.3",3909
"20",3910
"682.1",3911
"8.5",3912
"230.0",3913
"19",3914
"14.1",3915
"200.0",3916
"19",3917
"80",3918
"54",3919
"23",3920
"1005.2",3921
"18",3922
"204.9",3923
"25.1",3924
"31.8",3925
"29",3926
"20.7",3927
"20",3928
"87.4",3929
"5.4",3930
"20.0",3931
"12",3932
"13.4",3933
"330.0",3934
"1",3935
"83",3936
"59",3937
"29",3938
"940.6",3939
"9",3940
"183.1",3941
"8.6",3942
"20.1",3943
"23",3944
"3.9",3945
"20",3946
"141.3",3947
"15.7",3948
"170.0",3949
"19",3950
"23.1",3951
"250.0",3952
"13",3953
"76",3954
"28",3955
"22",3956
"642.5",3957
"19",3958
"167.5",3959
"28.4",3960
"35.1",3961
"2",3962
"24.0",3963
"23",3964
"184.4",3965
"11.0",3966
"190.0",3967
"19",3968
"16.3",3969
"190.0",3970
"19",3971
"79",3972
"56",3973
"2",3974
"1002.8",3975
"8",3976
"248.4",3977
"29.0",3978
"34.3",3979
"1",3980
"24.7",3981
"18",3982
"219.9",3983
"8.7",3984
"210.0",3985
"13",3986
"15.4",3987
"180.0",3988
"13",3989
"78",3990
"51",3991
"23",3992
"1004.7",3993
"12",3994
"240.4",3995
"14.9",3996
"22.3",3997
"4",3998
"10.1",3999
"21",4000
"447.7",4001
"6.1",4002
"320.0",4003
"29",4004
"18.0",4005
"320.0",4006
"29",4007
"92",4008
"54",4009
"28",4010
"764.2",4011
"25",4012
"102.2",4013
"23.2",4014
"31.0",4015
"16",4016
"18.7",4017
"18",4018
"239.5",4019
"5.6",4020
"140.0",4021
"18",4022
"9.4",4023
"140.0",4024
"18",4025
"87",4026
"59",4027
"28",4028
"899.0",4029
"19",4030
"134.4",4031
"29.3",4032
"33.2",4033
"29",4034
"24.6",4035
"18",4036
"46.5",4037
"15.5",4038
"230.0",4039
"14",4040
"24.6",4041
"220.0",4042
"14",4043
"80",4044
"52",4045
"23",4046
"1004.7",4047
"4",4048
"261.9",4049
"28.5",4050
"34.4",4051
"1",4052
"23.3",4053
"28",4054
"76.4",4055
"10.5",4056
"200.0",4057
"14",4058
"20.4",4059
"210.0",4060
"14",4061
"81",4062
"56",4063
"24",4064
"996.2",4065
"14",4066
"229.9",4067
"28.2",4068
"32.8",4069
"31",4070
"24.6",4071
"19",4072
"120.3",4073
"12.8",4074
"220.0",4075
"13",4076
"17.2",4077
"220.0",4078
"13",4079
"81",4080
"64",4081
"27",4082
"1002.9",4083
"8",4084
"260.7",4085
"28.7",4086
"33.8",4087
"28",4088
"24.3",4089
"23",4090
"426.5",4091
"7.6",4092
"280.0",4093
"1",4094
"15.2",4095
"270.0",4096
"1",4097
"84",4098
"55",4099
"25",4100
"1005.8",4101
"16",4102
"197.7",4103
"29.5",4104
"37.2",4105
"1",4106
"25.4",4107
"24",4108
"81.2",4109
"9.3",4110
"250.0",4111
"1",4112
"17.1",4113
"260.0",4114
"1",4115
"72",4116
"47",4117
"22",4118
"1003.9",4119
"10",4120
"220.8",4121
"26.0",4122
"30.5",4123
"15",4124
"23.1",4125
"18",4126
"110.0",4127
"20.7",4128
"240.0",4129
"1",4130
"32.7",4131
"250.0",4132
"1",4133
"87",4134
"63",4135
"15",4136
"971.6",4137
"15",4138
"155.5",4139
"28.9",4140
"35.1",4141
"1",4142
"23.6",4143
"31",4144
"278.3",4145
"4.8",4146
"180.0",4147
"10",4148
"11.6",4149
"160.0",4150
"18",4151
"76",4152
"41",4153
"23",4154
"998.1",4155
"12",4156
"172.9",4157
"29.7",4158
"37.4",4159
"2",4160
"24.0",4161
"18",4162
"135.6",4163
"7.8",4164
"230.0",4165
"14",4166
"15.7",4167
"210.0",4168
"1",4169
"74",4170
"42",4171
"22",4172
"1005.6",4173
"13",4174
"196.9",4175
"29.6",4176
"38.8",4177
"19",4178
"23.2",4179
"28",4180
"55.0",4181
"6.9",4182
"50.0",4183
"14",4184
"16.9",4185
"80.0",4186
"14",4187
"72",4188
"40",4189
"19",4190
"1005.2",4191
"4",4192
"241.8",4193
"29.7",4194
"37.8",4195
"16",4196
"23.7",4197
"29",4198
"198.9",4199
"9.8",4200
"100.0",4201
"15",4202
"20.2",4203
"90.0",4204
"15",4205
"71",4206
"43",4207
"5",4208
"1007.8",4209
"7",4210
"201.9",4211
"28.6",4212
"34.6",4213
"22",4214
"23.4",4215
"21",4216
"406.7",4217
"13.6",4218
"120.0",4219
"21",4220
"23.2",4221
"110.0",4222
"21",4223
"78",4224
"54",4225
"22",4226
"1007.9",4227
"11",4228
"223.2",4229
"28.9",4230
"36.2",4231
"20",4232
"22.0",4233
"29",4234
"70.5",4235
"8.6",4236
"140.0",4237
"15",4238
"22.0",4239
"150.0",4240
"21",4241
"73",4242
"42",4243
"30",4244
"1006.6",4245
"4",4246
"247.8",4247
"29.1",4248
"34.2",4249
"6",4250
"24.8",4251
"22",4252
"17.8",4253
"11.1",4254
"10.0",4255
"21",4256
"22.5",4257
"360.0",4258
"21",4259
"78",4260
"57",4261
"9",4262
"1007.8",4263
"5",4264
"266.0",4265
"28.3",4266
"33.5",4267
"16",4268
"22.4",4269
"29",4270
"349.2",4271
"15.1",4272
"280.0",4273
"21",4274
"27.8",4275
"280.0",4276
"21",4277
"78",4278
"45",4279
"21",4280
"1006.4",4281
"11",4282
"228.3",4283
"28.7",4284
"36.5",4285
"19",4286
"23.0",4287
"22",4288
"1.6",4289
"7.1",4290
"60.0",4291
"15",4292
"15.8",4293
"70.0",4294
"15",4295
"75",4296
"47",4297
"19",4298
"1006.2",4299
"2",4300
"239.6",4301
"29.5",4302
"37.6",4303
"15",4304
"24.6",4305
"21",4306
"172.0",4307
"10.6",4308
"340.0",4309
"21",4310
"19.7",4311
"330.0",4312
"21",4313
"78",4314
"45",4315
"15",4316
"1008.0",4317
"10",4318
"222.0",4319
"29.2",4320
"33.8",4321
"13",4322
"24.0",4323
"21",4324
"261.5",4325
"7.6",4326
"120.0",4327
"21",4328
"22.5",4329
"360.0",4330
"21",4331
"75",4332
"51",4333
"30",4334
"1007.8",4335
"10",4336
"264.6",4337
"28.8",4338
"35.5",4339
"15",4340
"24.1",4341
"24",4342
"105.8",4343
"6.9",4344
"250.0",4345
"23",4346
"10.5",4347
"10.0",4348
"21",4349
"79",4350
"53",4351
"1",4352
"1005.2",4353
"7",4354
"211.8",4355
"28.0",4356
"34.9",4357
"16",4358
"21.5",4359
"29",4360
"348.6",4361
"10.6",4362
"40.0",4363
"21",4364
"18.1",4365
"160.0",4366
"15",4367
"79",4368
"47",4369
"21",4370
"1008.7",4371
"10",4372
"210.8",4373
"27.5",4374
"32.5",4375
"13",4376
"22.7",4377
"29",4378
"72.2",4379
"30.8",4380
"110.0",4381
"21",4382
"44.9",4383
"120.0",4384
"21",4385
"85",4386
"66",4387
"3",4388
"998.1",4389
"8",4390
"258.3",4391
"28.5",4392
"34.3",4393
"14",4394
"23.5",4395
"30",4396
"177.5",4397
"11.4",4398
"350.0",4399
"21",4400
"19.5",4401
"340.0",4402
"21",4403
"78",4404
"48",4405
"29",4406
"1007.2",4407
"8",4408
"248.1",4409
"22.9",4410
"29.7",4411
"17",4412
"18.4",4413
"29",4414
"359.0",4415
"12.1",4416
"110.0",4417
"21",4418
"30.5",4419
"100.0",4420
"21",4421
"84",4422
"45",4423
"30",4424
"918.6",4425
"13",4426
"144.5",4427
"29.5",4428
"34.5",4429
"15",4430
"24.3",4431
"22",4432
"88.0",4433
"11.0",4434
"360.0",4435
"21",4436
"20.1",4437
"360.0",4438
"21",4439
"77",4440
"55",4441
"26",4442
"1005.8",4443
"10",4444
"209.3",4445
"24.7",4446
"31.0",4447
"16",4448
"19.8",4449
"29",4450
"232.0",4451
"6.5",4452
"20.0",4453
"14",4454
"16.8",4455
"300.0",4456
"22",4457
"80",4458
"52",4459
"30",4460
"942.0",4461
"11",4462
"198.3",4463
"8.6",4464
"20.5",4465
"18",4466
"2.9",4467
"30",4468
"157.5",4469
"29.0",4470
"130.0",4471
"15",4472
"41.0",4473
"110.0",4474
"15",4475
"75",4476
"33",4477
"27",4478
"643.0",4479
"16",4480
"158.6",4481
"28.0",4482
"34.0",4483
"6",4484
"22.9",4485
"29",4486
"281.8",4487
"11.7",4488
"130.0",4489
"21",4490
"25.1",4491
"210.0",4492
"22",4493
"78",4494
"56",4495
"19",4496
"1004.4",4497
"11",4498
"227.4",4499
"29.1",4500
"34.9",4501
"15",4502
"24.0",4503
"22",4504
"24.5",4505
"12.2",4506
"350.0",4507
"21",4508
"18.6",4509
"360.0",4510
"20",4511
"78",4512
"52",4513
"15",4514
"1005.5",4515
"4",4516
"249.6",4517
"15.1",4518
"25.2",4519
"1",4520
"8.7",4521
"30",4522
"272.9",4523
"7.4",4524
"350.0",4525
"21",4526
"14.1",4527
"270.0",4528
"22",4529
"89",4530
"31",4531
"18",4532
"764.8",4533
"19",4534
"121.0",4535
"23.6",4536
"33.0",4537
"15",4538
"19.0",4539
"14",4540
"127.0",4541
"6.0",4542
"70.0",4543
"15",4544
"13.2",4545
"60.0",4546
"15",4547
"86",4548
"40",4549
"15",4550
"899.7",4551
"12",4552
"142.0",4553
"28.9",4554
"37.9",4555
"15",4556
"22.4",4557
"29",4558
"29.5",4559
"13.7",4560
"30.0",4561
"20",4562
"20.8",4563
"30.0",4564
"20",4565
"78",4566
"46",4567
"29",4568
"1006.0",4569
"2",4570
"273.9",4571
"27.5",4572
"33.9",4573
"13",4574
"22.4",4575
"21",4576
"32.5",4577
"11.9",4578
"20.0",4579
"21",4580
"27.0",4581
"10.0",4582
"21",4583
"80",4584
"55",4585
"23",4586
"999.3",4587
"8",4588
"197.9",4589
"28.3",4590
"33.7",4591
"8",4592
"24.5",4593
"22",4594
"43.7",4595
"20.1",4596
"350.0",4597
"21",4598
"26.1",4599
"350.0",4600
"21",4601
"80",4602
"65",4603
"10",4604
"1003.9",4605
"5",4606
"281.6",4607
"28.9",4608
"34.5",4609
"6",4610
"24.2",4611
"21",4612
"427.5",4613
"12.9",4614
"280.0",4615
"21",4616
"28.3",4617
"140.0",4618
"21",4619
"74",4620
"47",4621
"4",4622
"1006.4",4623
"10",4624
"230.9",4625
"28.7",4626
"36.8",4627
"16",4628
"22.9",4629
"29",4630
"141.4",4631
"10.9",4632
"150.0",4633
"21",4634
"21.7",4635
"140.0",4636
"21",4637
"74",4638
"47",4639
"21",4640
"1005.8",4641
"14",4642
"216.6",4643
"25.9",4644
"30.9",4645
"7",4646
"22.4",4647
"19",4648
"175.7",4649
"37.4",4650
"200.0",4651
"21",4652
"58.9",4653
"200.0",4654
"21",4655
"86",4656
"67",4657
"24",4658
"972.8",4659
"11",4660
"184.8",4661
"29.2",4662
"36.5",4663
"15",4664
"23.7",4665
"22",4666
"47.0",4667
"4.9",4668
"350.0",4669
"21",4670
"10.3",4671
"250.0",4672
"22",4673
"74",4674
"47",4675
"15",4676
"998.8",4677
"8",4678
"183.6",4679
"29.6",4680
"37.5",4681
"17",4682
"22.7",4683
"29",4684
"185.0",4685
"7.8",4686
"60.0",4687
"15",4688
"18.6",4689
"60.0",4690
"15",4691
"69",4692
"43",4693
"21",4694
"1007.1",4695
"7",4696
"196.8",4697
"24.7",4698
"31.6",4699
"21",4700
"18.7",4701
"16",4702
"63.3",4703
"7.5",4704
"70.0",4705
"8",4706
"17.6",4707
"70.0",4708
"27",4709
"70",4710
"44",4711
"16",4712
"1011.2",4713
"5",4714
"228.7",4715
"24.7",4716
"33.7",4717
"21",4718
"17.5",4719
"16",4720
"25.5",4721
"7.3",4722
"80.0",4723
"27",4724
"14.7",4725
"80.0",4726
"27",4727
"71",4728
"51",4729
"16",4730
"1013.9",4731
"6",4732
"125.3",4733
"26.3",4734
"31.8",4735
"21",4736
"19.2",4737
"17",4738
"12.1",4739
"7.8",4740
"40.0",4741
"6",4742
"17.6",4743
"30.0",4744
"6",4745
"69",4746
"43",4747
"8",4748
"1013.0",4749
"5",4750
"194.6",4751
"23.8",4752
"31.3",4753
"30",4754
"15.1",4755
"16",4756
"49.5",4757
"5.8",4758
"360.0",4759
"22",4760
"14.0",4761
"10.0",4762
"22",4763
"72",4764
"44",4765
"16",4766
"1013.2",4767
"7",4768
"162.4",4769
"25.6",4770
"30.6",4771
"2",4772
"22.0",4773
"15",4774
"T",4775
"10.9",4776
"30.0",4777
"6",4778
"21.9",4779
"30.0",4780
"7",4781
"70",4782
"45",4783
"16",4784
"1012.9",4785
"0",4786
"251.0",4787
"24.1",4788
"29.8",4789
"21",4790
"17.0",4791
"16",4792
"151.6",4793
"8.1",4794
"80.0",4795
"22",4796
"19.8",4797
"90.0",4798
"22",4799
"74",4800
"45",4801
"12",4802
"1012.5",4803
"14",4804
"109.0",4805
"24.4",4806
"33.1",4807
"10",4808
"18.9",4809
"16",4810
"0.4",4811
"7.6",4812
"60.0",4813
"27",4814
"17.3",4815
"70.0",4816
"27",4817
"63",4818
"31",4819
"12",4820
"1012.7",4821
"1",4822
"211.9",4823
"27.2",4824
"33.0",4825
"11",4826
"22.5",4827
"16",4828
"0.0",4829
"6.6",4830
"340.0",4831
"12",4832
"10.8",4833
"320.0",4834
"12",4835
"70",4836
"50",4837
"18",4838
"1012.6",4839
"0",4840
"268.6",4841
"26.2",4842
"31.8",4843
"10",4844
"19.8",4845
"16",4846
"16.2",4847
"6.6",4848
"40.0",4849
"6",4850
"16.6",4851
"30.0",4852
"6",4853
"69",4854
"42",4855
"16",4856
"1013.1",4857
"6",4858
"213.7",4859
"24.8",4860
"33.1",4861
"21",4862
"17.5",4863
"15",4864
"0.0",4865
"8.0",4866
"20.0",4867
"11",4868
"15.8",4869
"10.0",4870
"11",4871
"74",4872
"45",4873
"17",4874
"1009.9",4875
"0",4876
"254.5",4877
"23.6",4878
"31.0",4879
"21",4880
"16.5",4881
"16",4882
"54.2",4883
"9.9",4884
"310.0",4885
"12",4886
"17.1",4887
"300.0",4888
"12",4889
"77",4890
"41",4891
"12",4892
"1014.9",4893
"14",4894
"107.0",4895
"23.8",4896
"28.9",4897
"26",4898
"19.6",4899
"16",4900
"3.6",4901
"17.7",4902
"340.0",4903
"12",4904
"23.5",4905
"340.0",4906
"12",4907
"72",4908
"48",4909
"16",4910
"1004.0",4911
"4",4912
"208.6",4913
"25.1",4914
"32.6",4915
"11",4916
"17.8",4917
"16",4918
"33.0",4919
"11.3",4920
"40.0",4921
"10",4922
"21.0",4923
"10.0",4924
"10",4925
"71",4926
"40",4927
"7",4928
"1012.5",4929
"4",4930
"156.7",4931
"18.0",4932
"27.2",4933
"20",4934
"12.8",4935
"15",4936
"226.0",4937
"12.4",4938
"260.0",4939
"11",4940
"24.3",4941
"250.0",4942
"11",4943
"85",4944
"44",4945
"21",4946
"923.0",4947
"17",4948
"79.1",4949
"26.4",4950
"32.9",4951
"10",4952
"20.3",4953
"15",4954
"1.5",4955
"8.0",4956
"30.0",4957
"11",4958
"14.8",4959
"20.0",4960
"11",4961
"69",4962
"42",4963
"16",4964
"1010.4",4965
"1",4966
"277.0",4967
"19.5",4968
"28.7",4969
"20",4970
"13.3",4971
"14",4972
"255.5",4973
"7.4",4974
"20.0",4975
"27",4976
"17.3",4977
"290.0",4978
"10",4979
"80",4980
"53",4981
"21",4982
"946.8",4983
"13",4984
"135.4",4985
"7.8",4986
"20.6",4987
"5",4988
"0.4",4989
"11",4990
"15.8",4991
"11.2",4992
"250.0",4993
"18",4994
"14.7",4995
"70.0",4996
"10",4997
"49",4998
"12",4999
"7",5000
"643.4",5001
"3",5002
"282.9",5003
"25.3",5004
"31.5",5005
"11",5006
"18.3",5007
"17",5008
"42.8",5009
"10.9",5010
"30.0",5011
"10",5012
"19.4",5013
"30.0",5014
"6",5015
"70",5016
"43",5017
"7",5018
"1009.5",5019
"13",5020
"168.4",5021
"24.4",5022
"29.9",5023
"3",5024
"17.1",5025
"16",5026
"T",5027
"16.5",5028
"360.0",5029
"11",5030
"26.9",5031
"10.0",5032
"10",5033
"73",5034
"46",5035
"21",5036
"1010.6",5037
"0",5038
"266.5",5039
"12.2",5040
"20.7",5041
"31",5042
"2.6",5043
"14",5044
"2.2",5045
"3.7",5046
"170.0",5047
"16",5048
"7.5",5049
"90.0",5050
"12",5051
"81",5052
"29",5053
"15",5054
"765.9",5055
"2",5056
"177.9",5057
"20.9",5058
"30.0",5059
"20",5060
"15.5",5061
"15",5062
"T",5063
"2.5",5064
"180.0",5065
"1",5066
"3.6",5067
"110.0",5068
"6",5069
"80",5070
"44",5071
"20",5072
"902.7",5073
"0",5074
"188.2",5075
"24.1",5076
"31.1",5077
"29",5078
"18.2",5079
"16",5080
"18.9",5081
"14.3",5082
"40.0",5083
"27",5084
"21.1",5085
"40.0",5086
"6",5087
"73",5088
"47",5089
"7",5090
"1012.4",5091
"6",5092
"206.0",5093
"22.9",5094
"30.9",5095
"12",5096
"19.1",5097
"15",5098
"4.0",5099
"9.2",5100
"80.0",5101
"27",5102
"17.7",5103
"80.0",5104
"27",5105
"69",5106
"36",5107
"12",5108
"1006.4",5109
"3",5110
"198.4",5111
"25.2",5112
"30.8",5113
"1",5114
"22.3",5115
"17",5116
"0.0",5117
"18.4",5118
"20.0",5119
"11",5120
"25.5",5121
"20.0",5122
"11",5123
"71",5124
"51",5125
"21",5126
"1008.5",5127
"0",5128
"282.6",5129
"26.7",5130
"32.1",5131
"2",5132
"22.6",5133
"16",5134
"47.0",5135
"10.7",5136
"30.0",5137
"28",5138
"22.5",5139
"40.0",5140
"22",5141
"63",5142
"42",5143
"17",5144
"1010.9",5145
"5",5146
"258.6",5147
"24.3",5148
"31.6",5149
"20",5150
"17.2",5151
"16",5152
"27.5",5153
"10.4",5154
"10.0",5155
"10",5156
"17.1",5157
"10.0",5158
"10",5159
"70",5160
"48",5161
"16",5162
"1012.3",5163
"17",5164
"98.8",5165
"23.6",5166
"29.3",5167
"12",5168
"20.3",5169
"15",5170
"101.9",5171
"28.6",5172
"10.0",5173
"10",5174
"40.8",5175
"10.0",5176
"9",5177
"78",5178
"57",5179
"6",5180
"976.3",5181
"15",5182
"150.6",5183
"25.6",5184
"33.7",5185
"21",5186
"18.8",5187
"15",5188
"0.0",5189
"7.2",5190
"360.0",5191
"11",5192
"16.5",5193
"20.0",5194
"11",5195
"65",5196
"41",5197
"21",5198
"1003.6",5199
"0",5200
"256.1",5201
"24.5",5202
"33.5",5203
"21",5204
"18.3",5205
"16",5206
"42.8",5207
"6.9",5208
"70.0",5209
"16",5210
"15.4",5211
"60.0",5212
"27",5213
"68",5214
"41",5215
"21",5216
"1013.9",5217
"9",5218
"106.4",5219
"22.0",5220
"30.7",5221
"1",5222
"16.6",5223
"21",5224
"15.6",5225
"6.8",5226
"20.0",5227
"13",5228
"20.4",5229
"30.0",5230
"3",5231
"76",5232
"48",5233
"22",5234
"1013.5",5235
"7",5236
"125.1",5237
"22.3",5238
"31.6",5239
"29",5240
"16.8",5241
"18",5242
"46.0",5243
"6.6",5244
"80.0",5245
"10",5246
"12.9",5247
"70.0",5248
"26",5249
"75",5250
"53",5251
"24",5252
"1014.3",5253
"8",5254
"99.3",5255
"24.4",5256
"30.4",5257
"30",5258
"18.8",5259
"20",5260
"50.7",5261
"8.0",5262
"30.0",5263
"14",5264
"16.1",5265
"20.0",5266
"18",5267
"70",5268
"51",5269
"23",5270
"1015.5",5271
"9",5272
"143.3",5273
"21.4",5274
"31.3",5275
"1",5276
"14.5",5277
"5",5278
"71.0",5279
"6.7",5280
"10.0",5281
"17",5282
"16.4",5283
"10.0",5284
"17",5285
"77",5286
"48",5287
"7",5288
"1015.5",5289
"8",5290
"106.2",5291
"23.4",5292
"29.3",5293
"30",5294
"20.2",5295
"18",5296
"0.2",5297
"11.9",5298
"40.0",5299
"18",5300
"23.1",5301
"30.0",5302
"17",5303
"75",5304
"54",5305
"7",5306
"1015.3",5307
"1",5308
"148.7",5309
"21.4",5310
"28.5",5311
"1",5312
"16.6",5313
"19",5314
"394.7",5315
"9.4",5316
"10.0",5317
"17",5318
"20.0",5319
"360.0",5320
"17",5321
"81",5322
"55",5323
"5",5324
"1015.0",5325
"19",5326
"103.4",5327
"21.0",5328
"31.0",5329
"1",5330
"15.3",5331
"20",5332
"6.7",5333
"7.1",5334
"60.0",5335
"17",5336
"16.9",5337
"70.0",5338
"3",5339
"67",5340
"36",5341
"18",5342
"1015.5",5343
"5",5344
"131.8",5345
"25.2",5346
"32.2",5347
"2",5348
"20.1",5349
"20",5350
"1.5",5351
"5.3",5352
"310.0",5353
"14",5354
"8.9",5355
"320.0",5356
"8",5357
"72",5358
"37",5359
"6",5360
"1015.1",5361
"1",5362
"208.0",5363
"24.0",5364
"30.2",5365
"2",5366
"19.3",5367
"13",5368
"29.7",5369
"5.4",5370
"50.0",5371
"18",5372
"14.4",5373
"50.0",5374
"2",5375
"71",5376
"47",5377
"24",5378
"1015.7",5379
"9",5380
"147.3",5381
"22.6",5382
"31.2",5383
"30",5384
"15.2",5385
"20",5386
"2.9",5387
"6.1",5388
"20.0",5389
"16",5390
"10.6",5391
"360.0",5392
"2",5393
"77",5394
"41",5395
"6",5396
"1012.3",5397
"3",5398
"174.5",5399
"21.1",5400
"30.3",5401
"1",5402
"16.5",5403
"14",5404
"201.8",5405
"7.3",5406
"70.0",5407
"26",5408
"11.0",5409
"80.0",5410
"26",5411
"84",5412
"53",5413
"5",5414
"1017.3",5415
"18",5416
"92.8",5417
"21.3",5418
"27.2",5419
"1",5420
"16.4",5421
"17",5422
"77.6",5423
"15.5",5424
"120.0",5425
"15",5426
"23.4",5427
"50.0",5428
"17",5429
"76",5430
"51",5431
"3",5432
"1006.5",5433
"11",5434
"102.2",5435
"22.6",5436
"28.8",5437
"1",5438
"17.4",5439
"20",5440
"66.5",5441
"10.6",5442
"30.0",5443
"2",5444
"19.0",5445
"30.0",5446
"2",5447
"77",5448
"54",5449
"8",5450
"1015.2",5451
"9",5452
"128.0",5453
"16.0",5454
"25.5",5455
"29",5456
"10.6",5457
"13",5458
"441.0",5459
"10.8",5460
"350.0",5461
"17",5462
"24.2",5463
"340.0",5464
"17",5465
"88",5466
"43",5467
"6",5468
"924.7",5469
"19",5470
"33.3",5471
"23.9",5472
"31.5",5473
"2",5474
"18.1",5475
"20",5476
"0.2",5477
"7.7",5478
"20.0",5479
"2",5480
"14.8",5481
"10.0",5482
"2",5483
"73",5484
"48",5485
"26",5486
"1012.9",5487
"1",5488
"209.7",5489
"17.5",5490
"26.5",5491
"29",5492
"12.2",5493
"18",5494
"362.0",5495
"8.4",5496
"20.0",5497
"14",5498
"16.8",5499
"20.0",5500
"14",5501
"83",5502
"60",5503
"6",5504
"948.5",5505
"19",5506
"100.7",5507
"",5508
"",5509
"",5510
"",5511
"",5512
"",5513
"",5514
"",5515
"",5516
"",5517
"",5518
"",5519
"",5520
"",5521
"",5522
"",5523
"",5524
"",5525
"3.8",5526
"18.8",5527
"1",5528
"-3.1",5529
"20",5530
"31.6",5531
"16.3",5532
"120.0",5533
"15",5534
"19.9",5535
"290.0",5536
"25",5537
"70",5538
"14",5539
"7",5540
"643.0",5541
"7",5542
"207.8",5543
"23.3",5544
"29.5",5545
"2",5546
"18.2",5547
"20",5548
"62.7",5549
"10.1",5550
"20.0",5551
"17",5552
"19.3",5553
"30.0",5554
"18",5555
"73",5556
"48",5557
"8",5558
"1012.1",5559
"12",5560
"108.1",5561
"22.1",5562
"28.8",5563
"1",5564
"17.6",5565
"20",5566
"2.6",5567
"14.1",5568
"360.0",5569
"18",5570
"25.9",5571
"20.0",5572
"17",5573
"79",5574
"50",5575
"7",5576
"1013.1",5577
"4",5578
"177.4",5579
"10.7",5580
"21.3",5581
"1",5582
"4.4",5583
"20",5584
"38.7",5585
"4.0",5586
"150.0",5587
"26",5588
"8.7",5589
"80.0",5590
"6",5591
"79",5592
"36",5593
"30",5594
"766.6",5595
"7",5596
"144.0",5597
"19.2",5598
"28.1",5599
"27",5600
"14.0",5601
"20",5602
"4.0",5603
"2.8",5604
"140.0",5605
"15",5606
"4.5",5607
"110.0",5608
"14",5609
"79",5610
"31",5611
"22",5612
"904.2",5613
"4",5614
"168.2",5615
"21.4",5616
"28.2",5617
"1",5618
"15.6",5619
"17",5620
"23.5",5621
"13.9",5622
"40.0",5623
"17",5624
"23.5",5625
"40.0",5626
"17",5627
"79",5628
"51",5629
"7",5630
"1014.8",5631
"10",5632
"113.0",5633
"18.8",5634
"28.1",5635
"1",5636
"14.1",5637
"18",5638
"27.7",5639
"9.6",5640
"60.0",5641
"2",5642
"19.4",5643
"70.0",5644
"2",5645
"78",5646
"48",5647
"3",5648
"1008.9",5649
"8",5650
"76.8",5651
"23.4",5652
"28.2",5653
"23",5654
"20.3",5655
"18",5656
"11.6",5657
"21.3",5658
"20.0",5659
"17",5660
"28.3",5661
"20.0",5662
"17",5663
"74",5664
"57",5665
"6",5666
"1010.9",5667
"2",5668
"186.2",5669
"25.5",5670
"31.2",5671
"1",5672
"21.3",5673
"25",5674
"6.0",5675
"12.5",5676
"50.0",5677
"13",5678
"23.9",5679
"50.0",5680
"13",5681
"68",5682
"45",5683
"25",5684
"1013.2",5685
"2",5686
"194.6",5687
"21.8",5688
"29.9",5689
"29",5690
"16.7",5691
"5",5692
"183.0",5693
"12.6",5694
"10.0",5695
"2",5696
"20.8",5697
"20.0",5698
"2",5699
"76",5700
"51",5701
"24",5702
"1014.6",5703
"16",5704
"78.6",5705
"21.9",5706
"27.1",5707
"30",5708
"18.8",5709
"14",5710
"302.4",5711
"26.3",5712
"10.0",5713
"3",5714
"35.7",5715
"360.0",5716
"3",5717
"82",5718
"60",5719
"5",5720
"978.8",5721
"23",5722
"80.2",5723
"23.1",5724
"30.9",5725
"30",5726
"16.7",5727
"20",5728
"0.8",5729
"5.7",5730
"360.0",5731
"2",5732
"12.6",5733
"350.0",5734
"2",5735
"72",5736
"39",5737
"22",5738
"1006.0",5739
"1",5740
"172.3",5741
"22.0",5742
"31.3",5743
"1",5744
"16.7",5745
"18",5746
"123.0",5747
"6.1",5748
"70.0",5749
"20",5750
"11.2",5751
"60.0",5752
"22",5753
"72",5754
"47",5755
"24",5756
"1016.2",5757
"9",5758
"76.0",5759
"16.0",5760
"25.4",5761
"3",5762
"8.4",5763
"30",5764
"59.4",5765
"7.4",5766
"20.0",5767
"8",5768
"18.9",5769
"20.0",5770
"1",5771
"74",5772
"40",5773
"29",5774
"1018.3",5775
"11",5776
"106.8",5777
"16.5",5778
"24.9",5779
"3",5780
"11.0",5781
"17",5782
"86.8",5783
"7.7",5784
"70.0",5785
"6",5786
"15.9",5787
"90.0",5788
"6",5789
"70",5790
"40",5791
"29",5792
"1019.5",5793
"14",5794
"60.5",5795
"20.2",5796
"26.1",5797
"1",5798
"14.8",5799
"31",5800
"29.1",5801
"8.2",5802
"30.0",5803
"1",5804
"16.9",5805
"60.0",5806
"8",5807
"66",5808
"47",5809
"7",5810
"1019.6",5811
"9",5812
"38.9",5813
"15.6",5814
"25.5",5815
"3",5816
"8.5",5817
"30",5818
"96.0",5819
"7.9",5820
"10.0",5821
"4",5822
"16.2",5823
"20.0",5824
"4",5825
"73",5826
"42",5827
"29",5828
"1020.9",5829
"14",5830
"74.1",5831
"18.3",5832
"25.0",5833
"1",5834
"13.5",5835
"17",5836
"20.4",5837
"11.4",5838
"30.0",5839
"8",5840
"22.5",5841
"40.0",5842
"1",5843
"71",5844
"48",5845
"29",5846
"1019.6",5847
"9",5848
"108.1",5849
"16.3",5850
"24.8",5851
"10",5852
"10.5",5853
"30",5854
"445.4",5855
"9.1",5856
"20.0",5857
"4",5858
"22.5",5859
"50.0",5860
"4",5861
"75",5862
"48",5863
"29",5864
"1020.0",5865
"20",5866
"63.6",5867
"14.7",5868
"22.4",5869
"1",5870
"8.7",5871
"30",5872
"36.3",5873
"7.2",5874
"50.0",5875
"8",5876
"17.3",5877
"30.0",5878
"8",5879
"61",5880
"25",5881
"17",5882
"1020.7",5883
"7",5884
"121.8",5885
"20.2",5886
"28.6",5887
"1",5888
"13.6",5889
"22",5890
"13.5",5891
"6.1",5892
"10.0",5893
"4",5894
"14.3",5895
"340.0",5896
"4",5897
"68",5898
"44",5899
"17",5900
"1018.9",5901
"7",5902
"110.2",5903
"19.0",5904
"26.0",5905
"8",5906
"13.4",5907
"17",5908
"18.8",5909
"6.3",5910
"40.0",5911
"4",5912
"15.8",5913
"40.0",5914
"4",5915
"69",5916
"45",5917
"31",5918
"1020.2",5919
"10",5920
"44.0",5921
"16.9",5922
"27.4",5923
"1",5924
"8.4",5925
"31",5926
"30.5",5927
"7.9",5928
"20.0",5929
"4",5930
"14.0",5931
"10.0",5932
"4",5933
"77",5934
"36",5935
"31",5936
"1016.7",5937
"11",5938
"111.6",5939
"16.0",5940
"25.4",5941
"3",5942
"9.7",5943
"30",5944
"146.3",5945
"8.9",5946
"330.0",5947
"20",5948
"14.5",5949
"340.0",5950
"20",5951
"77",5952
"42",5953
"29",5954
"1022.5",5955
"14",5956
"70.9",5957
"15.6",5958
"23.1",5959
"10",5960
"8.8",5961
"17",5962
"112.1",5963
"19.1",5964
"360.0",5965
"4",5966
"30.3",5967
"360.0",5968
"4",5969
"70",5970
"46",5971
"29",5972
"1011.5",5973
"15",5974
"67.0",5975
"17.6",5976
"25.6",5977
"10",5978
"12.3",5979
"18",5980
"50.5",5981
"10.8",5982
"40.0",5983
"1",5984
"19.6",5985
"40.0",5986
"1",5987
"74",5988
"45",5989
"6",5990
"1020.0",5991
"13",5992
"44.3",5993
"9.7",5994
"19.2",5995
"3",5996
"2.5",5997
"17",5998
"323.2",5999
"12.8",6000
"360.0",6001
"4",6002
"22.9",6003
"170.0",6004
"22",6005
"89",6006
"15",6007
"31",6008
"927.4",6009
"20",6010
"39.0",6011
"17.9",6012
"27.5",6013
"1",6014
"10.8",6015
"17",6016
"8.0",6017
"10.1",6018
"20.0",6019
"16",6020
"18.6",6021
"20.0",6022
"16",6023
"71",6024
"44",6025
"31",6026
"1016.8",6027
"3",6028
"126.4",6029
"11.3",6030
"21.0",6031
"10",6032
"4.5",6033
"17",6034
"237.7",6035
"8.7",6036
"30.0",6037
"1",6038
"21.8",6039
"10.0",6040
"9",6041
"82",6042
"51",6043
"31",6044
"952.0",6045
"17",6046
"80.9",6047
"0.9",6048
"10.1",6049
"31",6050
"-9.6",6051
"29",6052
"129.3",6053
"15.6",6054
"300.0",6055
"13",6056
"32.6",6057
"280.0",6058
"21",6059
"73",6060
"16",6061
"23",6062
"641.7",6063
"13",6064
"154.9",6065
"18.5",6066
"26.4",6067
"10",6068
"13.2",6069
"17",6070
"62.1",6071
"9.3",6072
"30.0",6073
"8",6074
"16.2",6075
"30.0",6076
"8",6077
"71",6078
"50",6079
"18",6080
"1016.5",6081
"15",6082
"26.4",6083
"16.2",6084
"24.5",6085
"1",6086
"10.2",6087
"17",6088
"28.0",6089
"15.0",6090
"360.0",6091
"1",6092
"26.7",6093
"360.0",6094
"1",6095
"74",6096
"48",6097
"17",6098
"1017.6",6099
"9",6100
"129.4",6101
"7.4",6102
"17.3",6103
"1",6104
"-2.0",6105
"30",6106
"172.9",6107
"4.7",6108
"140.0",6109
"23",6110
"11.8",6111
"340.0",6112
"2",6113
"79",6114
"22",6115
"30",6116
"766.2",6117
"14",6118
"98.6",6119
"14.2",6120
"26.3",6121
"1",6122
"8.1",6123
"17",6124
"53.0",6125
"5.8",6126
"150.0",6127
"26",6128
"7.7",6129
"160.0",6130
"26",6131
"84",6132
"46",6133
"7",6134
"906.2",6135
"11",6136
"99.5",6137
"15.9",6138
"24.0",6139
"7",6140
"9.0",6141
"31",6142
"65.9",6143
"15.1",6144
"40.0",6145
"9",6146
"23.9",6147
"50.0",6148
"9",6149
"73",6150
"44",6151
"29",6152
"1019.8",6153
"10",6154
"96.4",6155
"12.4",6156
"20.7",6157
"1",6158
"7.8",6159
"17",6160
"35.1",6161
"8.2",6162
"50.0",6163
"8",6164
"19.1",6165
"360.0",6166
"9",6167
"68",6168
"32",6169
"29",6170
"1014.2",6171
"7",6172
"134.8",6173
"18.7",6174
"24.8",6175
"1",6176
"14.3",6177
"17",6178
"23.2",6179
"19.4",6180
"30.0",6181
"1",6182
"27.1",6183
"10.0",6184
"1",6185
"72",6186
"51",6187
"29",6188
"1014.7",6189
"8",6190
"102.3",6191
"21.4",6192
"26.9",6193
"15",6194
"16.3",6195
"17",6196
"9.0",6197
"13.1",6198
"40.0",6199
"8",6200
"25.9",6201
"50.0",6202
"22",6203
"62",6204
"42",6205
"31",6206
"1016.8",6207
"6",6208
"117.6",6209
"16.3",6210
"24.8",6211
"3",6212
"10.4",6213
"30",6214
"237.9",6215
"13.5",6216
"10.0",6217
"8",6218
"19.7",6219
"10.0",6220
"8",6221
"71",6222
"46",6223
"29",6224
"1019.9",6225
"17",6226
"50.5",6227
"17.7",6228
"22.9",6229
"10",6230
"13.4",6231
"17",6232
"177.7",6233
"22.4",6234
"10.0",6235
"1",6236
"32.0",6237
"20.0",6238
"1",6239
"81",6240
"54",6241
"30",6242
"981.8",6243
"22",6244
"24.7",6245
"17.1",6246
"26.9",6247
"24",6248
"8.7",6249
"18",6250
"30.0",6251
"5.8",6252
"10.0",6253
"4",6254
"12.9",6255
"20.0",6256
"16",6257
"71",6258
"35",6259
"31",6260
"1010.1",6261
"11",6262
"116.1",6263
"16.2",6264
"24.9",6265
"3",6266
"8.9",6267
"31",6268
"141.6",6269
"7.3",6270
"60.0",6271
"22",6272
"14.5",6273
"80.0",6274
"6",6275
"69",6276
"39",6277
"29",6278
"1021.5",6279
"15",6280
"49.3",6281
